EZE00100082,18010101,TMAX,11,,,E,
EZE00100082,18010101,TMIN,-48,,,E,
GM000010962,18010101,PRCP,4,,,E,
ITE00100554,18010101,TMAX,84,,,E,
ITE00100554,18010101,TMIN,50,,,E,
EZE00100082,18010102,TMAX,40,,,E,
EZE00100082,18010102,TMIN,-43,,,E,
GM000010962,18010102,PRCP,0,,,E,
ITE00100554,18010102,TMAX,50,,,E,
ITE00100554,18010102,TMIN,13,,,E,
EZE00100082,18010103,TMAX,46,,,E,
EZE00100082,18010103,TMIN,21,,,E,
GM000010962,18010103,PRCP,0,,,E,
ITE00100554,18010103,TMAX,44,,,E,
ITE00100554,18010103,TMIN,0,,,E,
EZE00100082,18010104,TMAX,30,,,E,
EZE00100082,18010104,TMIN,11,,,E,
GM000010962,18010104,PRCP,0,,,E,
ITE00100554,18010104,TMAX,44,,,E,
ITE00100554,18010104,TMIN,13,,,E,
EZE00100082,18010105,TMAX,68,,,E,
EZE00100082,18010105,TMIN,26,,,E,
GM000010962,18010105,PRCP,0,,,E,
ITE00100554,18010105,TMAX,50,,,E,
ITE00100554,18010105,TMIN,13,,,E,
EZE00100082,18010106,TMAX,95,,,E,
EZE00100082,18010106,TMIN,38,,,E,
GM000010962,18010106,PRCP,0,,,E,
ITE00100554,18010106,TMAX,35,,,E,
ITE00100554,18010106,TMIN,25,,,E,
EZE00100082,18010107,TMAX,50,,,E,
EZE00100082,18010107,TMIN,4,,,E,
GM000010962,18010107,PRCP,0,,,E,
ITE00100554,18010107,TMAX,16,,,E,
ITE00100554,18010107,TMIN,13,,,E,
EZE00100082,18010108,TMAX,4,,,E,
EZE00100082,18010108,TMIN,-11,,,E,
GM000010962,18010108,PRCP,0,,,E,
ITE00100554,18010108,TMAX,16,,,E,
ITE00100554,18010108,TMIN,0,,,E,
EZE00100082,18010109,TMAX,-10,,,E,
EZE00100082,18010109,TMIN,-17,,,E,
GM000010962,18010109,PRCP,0,,,E,
ITE00100554,18010109,TMAX,29,,,E,
ITE00100554,18010109,TMIN,13,,,E,
EZE00100082,18010110,TMAX,-14,,,E,
EZE00100082,18010110,TMIN,-25,,,E,
GM000010962,18010110,PRCP,0,,,E,
ITE00100554,18010110,TMAX,50,,,E,
ITE00100554,18010110,TMIN,16,,,E,
EZE00100082,18010111,TMAX,2,,,E,
EZE00100082,18010111,TMIN,-24,,,E,
GM000010962,18010111,PRCP,0,,,E,
ITE00100554,18010111,TMAX,40,,,E,
ITE00100554,18010111,TMIN,4,,,E,
EZE00100082,18010112,TMAX,10,,,E,
EZE00100082,18010112,TMIN,-13,,,E,
GM000010962,18010112,PRCP,0,,,E,
ITE00100554,18010112,TMAX,29,,,E,
ITE00100554,18010112,TMIN,-4,,,E,
EZE00100082,18010113,TMAX,12,,,E,
EZE00100082,18010113,TMIN,-12,,,E,
GM000010962,18010113,PRCP,0,,,E,
ITE00100554,18010113,TMAX,-6,,,E,
ITE00100554,18010113,TMIN,-13,,,E,
EZE00100082,18010114,TMAX,14,,,E,
EZE00100082,18010114,TMIN,-2,,,E,
GM000010962,18010114,PRCP,0,,,E,
ITE00100554,18010114,TMAX,6,,,E,
ITE00100554,18010114,TMIN,0,,,E,
EZE00100082,18010115,TMAX,34,,,E,
EZE00100082,18010115,TMIN,8,,,E,
GM000010962,18010115,PRCP,0,,,E,
ITE00100554,18010115,TMAX,6,,,E,
ITE00100554,18010115,TMIN,-13,,,E,
EZE00100082,18010116,TMAX,21,,,E,
EZE00100082,18010116,TMIN,4,,,E,
GM000010962,18010116,PRCP,0,,,E,
ITE00100554,18010116,TMAX,9,,,E,
ITE00100554,18010116,TMIN,0,,,E,
EZE00100082,18010117,TMAX,17,,,E,
EZE00100082,18010117,TMIN,0,,,E,
GM000010962,18010117,PRCP,0,,,E,
ITE00100554,18010117,TMAX,16,,,E,
ITE00100554,18010117,TMIN,4,,,E,
EZE00100082,18010118,TMAX,22,,,E,
EZE00100082,18010118,TMIN,-1,,,E,
GM000010962,18010118,PRCP,2,,,E,
ITE00100554,18010118,TMAX,13,,,E,
ITE00100554,18010118,TMIN,6,,,E,
EZE00100082,18010119,TMAX,26,,,E,
EZE00100082,18010119,TMIN,-1,,,E,
GM000010962,18010119,PRCP,3,,,E,
ITE00100554,18010119,TMAX,35,,,E,
ITE00100554,18010119,TMIN,6,,,E,
EZE00100082,18010120,TMAX,55,,,E,
EZE00100082,18010120,TMIN,12,,,E,
GM000010962,18010120,PRCP,0,,,E,
ITE00100554,18010120,TMAX,19,,,E,
ITE00100554,18010120,TMIN,4,,,E,
EZE00100082,18010121,TMAX,65,,,E,
EZE00100082,18010121,TMIN,49,,,E,
GM000010962,18010121,PRCP,30,,,E,
ITE00100554,18010121,TMAX,19,,,E,
ITE00100554,18010121,TMIN,-19,,,E,
EZE00100082,18010122,TMAX,50,,,E,
EZE00100082,18010122,TMIN,22,,,E,
GM000010962,18010122,PRCP,127,,,E,
ITE00100554,18010122,TMAX,19,,,E,
ITE00100554,18010122,TMIN,-10,,,E,
EZE00100082,18010123,TMAX,30,,,E,
EZE00100082,18010123,TMIN,-2,,,E,
GM000010962,18010123,PRCP,8,,,E,
ITE00100554,18010123,TMAX,31,,,E,
ITE00100554,18010123,TMIN,0,,,E,
EZE00100082,18010124,TMAX,8,,,E,
EZE00100082,18010124,TMIN,-8,,,E,
GM000010962,18010124,PRCP,13,,,E,
ITE00100554,18010124,TMAX,56,,,E,
ITE00100554,18010124,TMIN,-4,,,E,
EZE00100082,18010125,TMAX,14,,,E,
EZE00100082,18010125,TMIN,-27,,,E,
GM000010962,18010125,PRCP,8,,,E,
ITE00100554,18010125,TMAX,31,,,E,
ITE00100554,18010125,TMIN,-16,,,E,
EZE00100082,18010126,TMAX,1,,,E,
EZE00100082,18010126,TMIN,-39,,,E,
GM000010962,18010126,PRCP,0,,,E,
ITE00100554,18010126,TMAX,31,,,E,
ITE00100554,18010126,TMIN,0,,,E,
EZE00100082,18010127,TMAX,10,,,E,
EZE00100082,18010127,TMIN,-31,,,E,
GM000010962,18010127,PRCP,0,,,E,
ITE00100554,18010127,TMAX,44,,,E,
ITE00100554,18010127,TMIN,-41,,,E,
EZE00100082,18010128,TMAX,38,,,E,
EZE00100082,18010128,TMIN,-34,,,E,
GM000010962,18010128,PRCP,30,,,E,
ITE00100554,18010128,TMAX,69,,,E,
ITE00100554,18010128,TMIN,-3,,,E,
EZE00100082,18010129,TMAX,58,,,E,
EZE00100082,18010129,TMIN,9,,,E,
GM000010962,18010129,PRCP,12,,,E,
ITE00100554,18010129,TMAX,104,,,E,
ITE00100554,18010129,TMIN,29,,,E,
EZE00100082,18010130,TMAX,39,,,E,
EZE00100082,18010130,TMIN,0,,,E,
GM000010962,18010130,PRCP,6,,,E,
ITE00100554,18010130,TMAX,154,,,E,
ITE00100554,18010130,TMIN,98,,,E,
EZE00100082,18010131,TMAX,70,,,E,
EZE00100082,18010131,TMIN,5,,,E,
GM000010962,18010131,PRCP,0,,,E,
ITE00100554,18010131,TMAX,116,,,E,
ITE00100554,18010131,TMIN,41,,,E,
EZE00100082,18010201,TMAX,28,,,E,
EZE00100082,18010201,TMIN,-2,,,E,
GM000010962,18010201,PRCP,0,,,E,
ITE00100554,18010201,TMAX,91,,,E,
ITE00100554,18010201,TMIN,29,,,E,
EZE00100082,18010202,TMAX,55,,,E,
EZE00100082,18010202,TMIN,-6,,,E,
GM000010962,18010202,PRCP,0,,,E,
ITE00100554,18010202,TMAX,91,,,E,
ITE00100554,18010202,TMIN,54,,,E,
EZE00100082,18010203,TMAX,6,,,E,
EZE00100082,18010203,TMIN,-20,,,E,
GM000010962,18010203,PRCP,0,,,E,
ITE00100554,18010203,TMAX,96,,,E,
ITE00100554,18010203,TMIN,54,,,E,
EZE00100082,18010204,TMAX,17,,,E,
EZE00100082,18010204,TMIN,-11,,,E,
GM000010962,18010204,PRCP,0,,,E,
ITE00100554,18010204,TMAX,98,,,E,
ITE00100554,18010204,TMIN,54,,,E,
EZE00100082,18010205,TMAX,61,,,E,
EZE00100082,18010205,TMIN,-2,,,E,
GM000010962,18010205,PRCP,0,,,E,
ITE00100554,18010205,TMAX,84,,,E,
ITE00100554,18010205,TMIN,29,,,E,
EZE00100082,18010206,TMAX,93,,,E,
EZE00100082,18010206,TMIN,61,,,E,
GM000010962,18010206,PRCP,0,,,E,
ITE00100554,18010206,TMAX,84,,,E,
ITE00100554,18010206,TMIN,34,,,E,
EZE00100082,18010207,TMAX,84,,,E,
EZE00100082,18010207,TMIN,7,,,E,
GM000010962,18010207,PRCP,25,,,E,
ITE00100554,18010207,TMAX,88,,,E,
ITE00100554,18010207,TMIN,41,,,E,
EZE00100082,18010208,TMAX,7,,,E,
EZE00100082,18010208,TMIN,-35,,,E,
GM000010962,18010208,PRCP,24,,,E,
ITE00100554,18010208,TMAX,88,,,E,
ITE00100554,18010208,TMIN,9,,,E,
EZE00100082,18010209,TMAX,-23,,,E,
EZE00100082,18010209,TMIN,-58,,,E,
GM000010962,18010209,PRCP,37,,,E,
ITE00100554,18010209,TMAX,54,,,E,
ITE00100554,18010209,TMIN,25,,,E,
EZE00100082,18010210,TMAX,-38,,,E,
EZE00100082,18010210,TMIN,-95,,,E,
GM000010962,18010210,PRCP,9,,,E,
ITE00100554,18010210,TMAX,25,,,E,
ITE00100554,18010210,TMIN,-3,,,E,
EZE00100082,18010211,TMAX,-61,,,E,
EZE00100082,18010211,TMIN,-132,,,E,
GM000010962,18010211,PRCP,0,,,E,
ITE00100554,18010211,TMAX,4,,,E,
ITE00100554,18010211,TMIN,-16,,,E,
EZE00100082,18010212,TMAX,-38,,,E,
EZE00100082,18010212,TMIN,-99,,,E,
GM000010962,18010212,PRCP,0,,,E,
ITE00100554,18010212,TMAX,4,,,E,
ITE00100554,18010212,TMIN,-23,,,E,
EZE00100082,18010213,TMAX,-26,,,E,
EZE00100082,18010213,TMIN,-54,,,E,
GM000010962,18010213,PRCP,0,,,E,
ITE00100554,18010213,TMAX,13,,,E,
ITE00100554,18010213,TMIN,-6,,,E,
EZE00100082,18010214,TMAX,-5,,,E,
EZE00100082,18010214,TMIN,-37,,,E,
GM000010962,18010214,PRCP,0,,,E,
ITE00100554,18010214,TMAX,13,,,E,
ITE00100554,18010214,TMIN,0,,,E,
EZE00100082,18010215,TMAX,17,,,E,
EZE00100082,18010215,TMIN,-9,,,E,
GM000010962,18010215,PRCP,0,,,E,
ITE00100554,18010215,TMAX,29,,,E,
ITE00100554,18010215,TMIN,10,,,E,
EZE00100082,18010216,TMAX,29,,,E,
EZE00100082,18010216,TMIN,4,,,E,
GM000010962,18010216,PRCP,0,,,E,
ITE00100554,18010216,TMAX,54,,,E,
ITE00100554,18010216,TMIN,23,,,E,
EZE00100082,18010217,TMAX,12,,,E,
EZE00100082,18010217,TMIN,-7,,,E,
GM000010962,18010217,PRCP,0,,,E,
ITE00100554,18010217,TMAX,84,,,E,
ITE00100554,18010217,TMIN,25,,,E,
EZE00100082,18010218,TMAX,4,,,E,
EZE00100082,18010218,TMIN,-12,,,E,
GM000010962,18010218,PRCP,0,,,E,
ITE00100554,18010218,TMAX,84,,,E,
ITE00100554,18010218,TMIN,50,,,E,
EZE00100082,18010219,TMAX,-2,,,E,
EZE00100082,18010219,TMIN,-60,,,E,
GM000010962,18010219,PRCP,59,,,E,
ITE00100554,18010219,TMAX,91,,,E,
ITE00100554,18010219,TMIN,48,,,E,
EZE00100082,18010220,TMAX,19,,,E,
EZE00100082,18010220,TMIN,-65,,,E,
GM000010962,18010220,PRCP,13,,,E,
ITE00100554,18010220,TMAX,98,,,E,
ITE00100554,18010220,TMIN,59,,,E,
EZE00100082,18010221,TMAX,19,,,E,
EZE00100082,18010221,TMIN,-13,,,E,
GM000010962,18010221,PRCP,7,,,E,
ITE00100554,18010221,TMAX,100,,,E,
ITE00100554,18010221,TMIN,35,,,E,
EZE00100082,18010222,TMAX,58,,,E,
EZE00100082,18010222,TMIN,-15,,,E,
GM000010962,18010222,PRCP,0,,,E,
ITE00100554,18010222,TMAX,66,,,E,
ITE00100554,18010222,TMIN,35,,,E,
EZE00100082,18010223,TMAX,26,,,E,
EZE00100082,18010223,TMIN,10,,,E,
GM000010962,18010223,PRCP,59,,,E,
ITE00100554,18010223,TMAX,73,,,E,
ITE00100554,18010223,TMIN,50,,,E,
EZE00100082,18010224,TMAX,42,,,E,
EZE00100082,18010224,TMIN,-6,,,E,
GM000010962,18010224,PRCP,13,,,E,
ITE00100554,18010224,TMAX,75,,,E,
ITE00100554,18010224,TMIN,35,,,E,
EZE00100082,18010225,TMAX,58,,,E,
EZE00100082,18010225,TMIN,-2,,,E,
GM000010962,18010225,PRCP,20,,,E,
ITE00100554,18010225,TMAX,106,,,E,
ITE00100554,18010225,TMIN,29,,,E,
EZE00100082,18010226,TMAX,45,,,E,
EZE00100082,18010226,TMIN,-12,,,E,
GM000010962,18010226,PRCP,6,,,E,
ITE00100554,18010226,TMAX,94,,,E,
ITE00100554,18010226,TMIN,31,,,E,
EZE00100082,18010227,TMAX,77,,,E,
EZE00100082,18010227,TMIN,18,,,E,
GM000010962,18010227,PRCP,4,,,E,
ITE00100554,18010227,TMAX,113,,,E,
ITE00100554,18010227,TMIN,38,,,E,
EZE00100082,18010228,TMAX,51,,,E,
EZE00100082,18010228,TMIN,14,,,E,
GM000010962,18010228,PRCP,0,,,E,
ITE00100554,18010228,TMAX,110,,,E,
ITE00100554,18010228,TMIN,35,,,E,
EZE00100082,18010301,TMAX,86,,,E,
EZE00100082,18010301,TMIN,5,,,E,
GM000010962,18010301,PRCP,0,,,E,
ITE00100554,18010301,TMAX,110,,,E,
ITE00100554,18010301,TMIN,35,,,E,
EZE00100082,18010302,TMAX,100,,,E,
EZE00100082,18010302,TMIN,49,,,E,
GM000010962,18010302,PRCP,2,,,E,
ITE00100554,18010302,TMAX,125,,,E,
ITE00100554,18010302,TMIN,50,,,E,
EZE00100082,18010303,TMAX,130,,,E,
EZE00100082,18010303,TMIN,93,,,E,
GM000010962,18010303,PRCP,0,,,E,
ITE00100554,18010303,TMAX,138,,,E,
ITE00100554,18010303,TMIN,50,,,E,
EZE00100082,18010304,TMAX,131,,,E,
EZE00100082,18010304,TMIN,70,,,E,
GM000010962,18010304,PRCP,0,,,E,
ITE00100554,18010304,TMAX,150,,,E,
ITE00100554,18010304,TMIN,66,,,E,
EZE00100082,18010305,TMAX,76,,,E,
EZE00100082,18010305,TMIN,37,,,E,
GM000010962,18010305,PRCP,11,,,E,
ITE00100554,18010305,TMAX,179,,,E,
ITE00100554,18010305,TMIN,79,,,E,
EZE00100082,18010306,TMAX,47,,,E,
EZE00100082,18010306,TMIN,17,,,E,
GM000010962,18010306,PRCP,0,,,E,
ITE00100554,18010306,TMAX,173,,,E,
ITE00100554,18010306,TMIN,66,,,E,
EZE00100082,18010307,TMAX,57,,,E,
EZE00100082,18010307,TMIN,0,,,E,
GM000010962,18010307,PRCP,10,,,E,
ITE00100554,18010307,TMAX,129,,,E,
ITE00100554,18010307,TMIN,88,,,E,
EZE00100082,18010308,TMAX,76,,,E,
EZE00100082,18010308,TMIN,15,,,E,
GM000010962,18010308,PRCP,0,,,E,
ITE00100554,18010308,TMAX,129,,,E,
ITE00100554,18010308,TMIN,46,,,E,
EZE00100082,18010309,TMAX,121,,,E,
EZE00100082,18010309,TMIN,21,,,E,
GM000010962,18010309,PRCP,0,,,E,
ITE00100554,18010309,TMAX,116,,,E,
ITE00100554,18010309,TMIN,54,,,E,
EZE00100082,18010310,TMAX,73,,,E,
EZE00100082,18010310,TMIN,-3,,,E,
GM000010962,18010310,PRCP,0,,,E,
ITE00100554,18010310,TMAX,123,,,E,
ITE00100554,18010310,TMIN,48,,,E,
EZE00100082,18010311,TMAX,67,,,E,
EZE00100082,18010311,TMIN,-25,,,E,
GM000010962,18010311,PRCP,15,,,E,
ITE00100554,18010311,TMAX,104,,,E,
ITE00100554,18010311,TMIN,60,,,E,
EZE00100082,18010312,TMAX,86,,,E,
EZE00100082,18010312,TMIN,18,,,E,
GM000010962,18010312,PRCP,18,,,E,
ITE00100554,18010312,TMAX,88,,,E,
ITE00100554,18010312,TMIN,63,,,E,
EZE00100082,18010313,TMAX,133,,,E,
EZE00100082,18010313,TMIN,50,,,E,
GM000010962,18010313,PRCP,7,,,E,
ITE00100554,18010313,TMAX,116,,,E,
ITE00100554,18010313,TMIN,66,,,E,
EZE00100082,18010314,TMAX,140,,,E,
EZE00100082,18010314,TMIN,60,,,E,
GM000010962,18010314,PRCP,1,,,E,
ITE00100554,18010314,TMAX,138,,,E,
ITE00100554,18010314,TMIN,50,,,E,
EZE00100082,18010315,TMAX,152,,,E,
EZE00100082,18010315,TMIN,78,,,E,
GM000010962,18010315,PRCP,0,,,E,
ITE00100554,18010315,TMAX,116,,,E,
ITE00100554,18010315,TMIN,98,,,E,
EZE00100082,18010316,TMAX,78,,,E,
EZE00100082,18010316,TMIN,25,,,E,
GM000010962,18010316,PRCP,27,,,E,
ITE00100554,18010316,TMAX,154,,,E,
ITE00100554,18010316,TMIN,109,,,E,
EZE00100082,18010317,TMAX,86,,,E,
EZE00100082,18010317,TMIN,12,,,E,
GM000010962,18010317,PRCP,30,,,E,
ITE00100554,18010317,TMAX,146,,,E,
ITE00100554,18010317,TMIN,91,,,E,
EZE00100082,18010318,TMAX,86,,,E,
EZE00100082,18010318,TMIN,13,,,E,
GM000010962,18010318,PRCP,0,,,E,
ITE00100554,18010318,TMAX,129,,,E,
ITE00100554,18010318,TMIN,69,,,E,
EZE00100082,18010319,TMAX,59,,,E,
EZE00100082,18010319,TMIN,21,,,E,
GM000010962,18010319,PRCP,42,,,E,
ITE00100554,18010319,TMAX,129,,,E,
ITE00100554,18010319,TMIN,91,,,E,
EZE00100082,18010320,TMAX,83,,,E,
EZE00100082,18010320,TMIN,19,,,E,
GM000010962,18010320,PRCP,41,,,E,
ITE00100554,18010320,TMAX,109,,,E,
ITE00100554,18010320,TMIN,85,,,E,
EZE00100082,18010321,TMAX,82,,,E,
EZE00100082,18010321,TMIN,25,,,E,
GM000010962,18010321,PRCP,0,,,E,
ITE00100554,18010321,TMAX,100,,,E,
ITE00100554,18010321,TMIN,46,,,E,
EZE00100082,18010322,TMAX,116,,,E,
EZE00100082,18010322,TMIN,38,,,E,
GM000010962,18010322,PRCP,25,,,E,
ITE00100554,18010322,TMAX,116,,,E,
ITE00100554,18010322,TMIN,50,,,E,
EZE00100082,18010323,TMAX,172,,,E,
EZE00100082,18010323,TMIN,58,,,E,
GM000010962,18010323,PRCP,0,,,E,
ITE00100554,18010323,TMAX,104,,,E,
ITE00100554,18010323,TMIN,85,,,E,
EZE00100082,18010324,TMAX,110,,,E,
EZE00100082,18010324,TMIN,51,,,E,
GM000010962,18010324,PRCP,32,,,E,
ITE00100554,18010324,TMAX,106,,,E,
ITE00100554,18010324,TMIN,98,,,E,
EZE00100082,18010325,TMAX,98,,,E,
EZE00100082,18010325,TMIN,8,,,E,
GM000010962,18010325,PRCP,42,,,E,
ITE00100554,18010325,TMAX,96,,,E,
ITE00100554,18010325,TMIN,91,,,E,
EZE00100082,18010326,TMAX,104,,,E,
EZE00100082,18010326,TMIN,14,,,E,
GM000010962,18010326,PRCP,27,,,E,
ITE00100554,18010326,TMAX,98,,,E,
ITE00100554,18010326,TMIN,85,,,E,
EZE00100082,18010327,TMAX,134,,,E,
EZE00100082,18010327,TMIN,48,,,E,
GM000010962,18010327,PRCP,0,,,E,
ITE00100554,18010327,TMAX,131,,,E,
ITE00100554,18010327,TMIN,81,,,E,
EZE00100082,18010328,TMAX,133,,,E,
EZE00100082,18010328,TMIN,72,,,E,
GM000010962,18010328,PRCP,11,,,E,
ITE00100554,18010328,TMAX,141,,,E,
ITE00100554,18010328,TMIN,85,,,E,
EZE00100082,18010329,TMAX,115,,,E,
EZE00100082,18010329,TMIN,70,,,E,
GM000010962,18010329,PRCP,0,,,E,
ITE00100554,18010329,TMAX,156,,,E,
ITE00100554,18010329,TMIN,73,,,E,
EZE00100082,18010330,TMAX,140,,,E,
EZE00100082,18010330,TMIN,35,,,E,
GM000010962,18010330,PRCP,0,,,E,
ITE00100554,18010330,TMAX,154,,,E,
ITE00100554,18010330,TMIN,100,,,E,
EZE00100082,18010331,TMAX,104,,,E,
EZE00100082,18010331,TMIN,42,,,E,
GM000010962,18010331,PRCP,0,,,E,
ITE00100554,18010331,TMAX,169,,,E,
ITE00100554,18010331,TMIN,96,,,E,
EZE00100082,18010401,TMAX,120,,,E,
EZE00100082,18010401,TMIN,22,,,E,
GM000010962,18010401,PRCP,0,,,E,
ITE00100554,18010401,TMAX,163,,,E,
ITE00100554,18010401,TMIN,106,,,E,
EZE00100082,18010402,TMAX,113,,,E,
EZE00100082,18010402,TMIN,76,,,E,
GM000010962,18010402,PRCP,0,,,E,
ITE00100554,18010402,TMAX,169,,,E,
ITE00100554,18010402,TMIN,113,,,E,
EZE00100082,18010403,TMAX,131,,,E,
EZE00100082,18010403,TMIN,62,,,E,
GM000010962,18010403,PRCP,0,,,E,
ITE00100554,18010403,TMAX,173,,,E,
ITE00100554,18010403,TMIN,98,,,E,
EZE00100082,18010404,TMAX,181,,,E,
EZE00100082,18010404,TMIN,36,,,E,
GM000010962,18010404,PRCP,0,,,E,
ITE00100554,18010404,TMAX,175,,,E,
ITE00100554,18010404,TMIN,109,,,E,
EZE00100082,18010405,TMAX,194,,,E,
EZE00100082,18010405,TMIN,70,,,E,
GM000010962,18010405,PRCP,0,,,E,
ITE00100554,18010405,TMAX,175,,,E,
ITE00100554,18010405,TMIN,116,,,E,
EZE00100082,18010406,TMAX,84,,,E,
EZE00100082,18010406,TMIN,10,,,E,
GM000010962,18010406,PRCP,27,,,E,
ITE00100554,18010406,TMAX,150,,,E,
ITE00100554,18010406,TMIN,121,,,E,
EZE00100082,18010407,TMAX,123,,,E,
EZE00100082,18010407,TMIN,14,,,E,
GM000010962,18010407,PRCP,0,,,E,
ITE00100554,18010407,TMAX,138,,,E,
ITE00100554,18010407,TMIN,98,,,E,
EZE00100082,18010408,TMAX,166,,,E,
EZE00100082,18010408,TMIN,40,,,E,
GM000010962,18010408,PRCP,0,,,E,
ITE00100554,18010408,TMAX,163,,,E,
ITE00100554,18010408,TMIN,110,,,E,
EZE00100082,18010409,TMAX,115,,,E,
EZE00100082,18010409,TMIN,80,,,E,
GM000010962,18010409,PRCP,0,,,E,
ITE00100554,18010409,TMAX,160,,,E,
ITE00100554,18010409,TMIN,121,,,E,
EZE00100082,18010410,TMAX,138,,,E,
EZE00100082,18010410,TMIN,73,,,E,
GM000010962,18010410,PRCP,28,,,E,
ITE00100554,18010410,TMAX,163,,,E,
ITE00100554,18010410,TMIN,129,,,E,
EZE00100082,18010411,TMAX,134,,,E,
EZE00100082,18010411,TMIN,71,,,E,
GM000010962,18010411,PRCP,134,,,E,
ITE00100554,18010411,TMAX,163,,,E,
ITE00100554,18010411,TMIN,135,,,E,
EZE00100082,18010412,TMAX,80,,,E,
EZE00100082,18010412,TMIN,51,,,E,
GM000010962,18010412,PRCP,220,,,E,
ITE00100554,18010412,TMAX,144,,,E,
ITE00100554,18010412,TMIN,84,,,E,
EZE00100082,18010413,TMAX,81,,,E,
EZE00100082,18010413,TMIN,42,,,E,
GM000010962,18010413,PRCP,0,,,E,
ITE00100554,18010413,TMAX,135,,,E,
ITE00100554,18010413,TMIN,85,,,E,
EZE00100082,18010414,TMAX,103,,,E,
EZE00100082,18010414,TMIN,68,,,E,
GM000010962,18010414,PRCP,0,,,E,
ITE00100554,18010414,TMAX,98,,,E,
ITE00100554,18010414,TMIN,84,,,E,
EZE00100082,18010415,TMAX,131,,,E,
EZE00100082,18010415,TMIN,73,,,E,
GM000010962,18010415,PRCP,0,,,E,
ITE00100554,18010415,TMAX,79,,,E,
ITE00100554,18010415,TMIN,73,,,E,
EZE00100082,18010416,TMAX,160,,,E,
EZE00100082,18010416,TMIN,43,,,E,
GM000010962,18010416,PRCP,0,,,E,
ITE00100554,18010416,TMAX,103,,,E,
ITE00100554,18010416,TMIN,65,,,E,
EZE00100082,18010417,TMAX,185,,,E,
EZE00100082,18010417,TMIN,68,,,E,
GM000010962,18010417,PRCP,0,,,E,
ITE00100554,18010417,TMAX,166,,,E,
ITE00100554,18010417,TMIN,85,,,E,
EZE00100082,18010418,TMAX,218,,,E,
EZE00100082,18010418,TMIN,100,,,E,
GM000010962,18010418,PRCP,0,,,E,
ITE00100554,18010418,TMAX,185,,,E,
ITE00100554,18010418,TMIN,115,,,E,
EZE00100082,18010419,TMAX,181,,,E,
EZE00100082,18010419,TMIN,108,,,E,
GM000010962,18010419,PRCP,0,,,E,
ITE00100554,18010419,TMAX,200,,,E,
ITE00100554,18010419,TMIN,125,,,E,
EZE00100082,18010420,TMAX,190,,,E,
EZE00100082,18010420,TMIN,85,,,E,
GM000010962,18010420,PRCP,6,,,E,
ITE00100554,18010420,TMAX,213,,,E,
ITE00100554,18010420,TMIN,135,,,E,
EZE00100082,18010421,TMAX,172,,,E,
EZE00100082,18010421,TMIN,72,,,E,
GM000010962,18010421,PRCP,0,,,E,
ITE00100554,18010421,TMAX,223,,,E,
ITE00100554,18010421,TMIN,135,,,E,
EZE00100082,18010422,TMAX,105,,,E,
EZE00100082,18010422,TMIN,51,,,E,
GM000010962,18010422,PRCP,0,,,E,
ITE00100554,18010422,TMAX,234,,,E,
ITE00100554,18010422,TMIN,135,,,E,
EZE00100082,18010423,TMAX,79,,,E,
EZE00100082,18010423,TMIN,35,,,E,
GM000010962,18010423,PRCP,0,,,E,
ITE00100554,18010423,TMAX,148,,,E,
ITE00100554,18010423,TMIN,135,,,E,
EZE00100082,18010424,TMAX,116,,,E,
EZE00100082,18010424,TMIN,37,,,E,
GM000010962,18010424,PRCP,0,,,E,
ITE00100554,18010424,TMAX,138,,,E,
ITE00100554,18010424,TMIN,81,,,E,
EZE00100082,18010425,TMAX,155,,,E,
EZE00100082,18010425,TMIN,53,,,E,
GM000010962,18010425,PRCP,0,,,E,
ITE00100554,18010425,TMAX,154,,,E,
ITE00100554,18010425,TMIN,79,,,E,
EZE00100082,18010426,TMAX,183,,,E,
EZE00100082,18010426,TMIN,62,,,E,
GM000010962,18010426,PRCP,0,,,E,
ITE00100554,18010426,TMAX,175,,,E,
ITE00100554,18010426,TMIN,103,,,E,
EZE00100082,18010427,TMAX,168,,,E,
EZE00100082,18010427,TMIN,85,,,E,
GM000010962,18010427,PRCP,0,,,E,
ITE00100554,18010427,TMAX,188,,,E,
ITE00100554,18010427,TMIN,81,,,E,
EZE00100082,18010428,TMAX,148,,,E,
EZE00100082,18010428,TMIN,62,,,E,
GM000010962,18010428,PRCP,0,,,E,
ITE00100554,18010428,TMAX,191,,,E,
ITE00100554,18010428,TMIN,84,,,E,
EZE00100082,18010429,TMAX,146,,,E,
EZE00100082,18010429,TMIN,64,,,E,
GM000010962,18010429,PRCP,0,,,E,
ITE00100554,18010429,TMAX,181,,,E,
ITE00100554,18010429,TMIN,113,,,E,
EZE00100082,18010430,TMAX,140,,,E,
EZE00100082,18010430,TMIN,58,,,E,
GM000010962,18010430,PRCP,0,,,E,
ITE00100554,18010430,TMAX,179,,,E,
ITE00100554,18010430,TMIN,119,,,E,
EZE00100082,18010501,TMAX,172,,,E,
EZE00100082,18010501,TMIN,39,,,E,
GM000010962,18010501,PRCP,10,,,E,
ITE00100554,18010501,TMAX,175,,,E,
ITE00100554,18010501,TMIN,113,,,E,
EZE00100082,18010502,TMAX,201,,,E,
EZE00100082,18010502,TMIN,80,,,E,
GM000010962,18010502,PRCP,0,,,E,
ITE00100554,18010502,TMAX,154,,,E,
ITE00100554,18010502,TMIN,119,,,E,
EZE00100082,18010503,TMAX,222,,,E,
EZE00100082,18010503,TMIN,110,,,E,
GM000010962,18010503,PRCP,0,,,E,
ITE00100554,18010503,TMAX,185,,,E,
ITE00100554,18010503,TMIN,96,,,E,
EZE00100082,18010504,TMAX,232,,,E,
EZE00100082,18010504,TMIN,113,,,E,
GM000010962,18010504,PRCP,0,,,E,
ITE00100554,18010504,TMAX,200,,,E,
ITE00100554,18010504,TMIN,146,,,E,
EZE00100082,18010505,TMAX,231,,,E,
EZE00100082,18010505,TMIN,120,,,E,
GM000010962,18010505,PRCP,69,,,E,
ITE00100554,18010505,TMAX,191,,,E,
ITE00100554,18010505,TMIN,129,,,E,
EZE00100082,18010506,TMAX,216,,,E,
EZE00100082,18010506,TMIN,139,,,E,
GM000010962,18010506,PRCP,43,,,E,
ITE00100554,18010506,TMAX,204,,,E,
ITE00100554,18010506,TMIN,144,,,E,
EZE00100082,18010507,TMAX,227,,,E,
EZE00100082,18010507,TMIN,129,,,E,
GM000010962,18010507,PRCP,0,,,E,
ITE00100554,18010507,TMAX,204,,,E,
ITE00100554,18010507,TMIN,146,,,E,
EZE00100082,18010508,TMAX,201,,,E,
EZE00100082,18010508,TMIN,129,,,E,
GM000010962,18010508,PRCP,82,,,E,
ITE00100554,18010508,TMAX,191,,,E,
ITE00100554,18010508,TMIN,154,,,E,
EZE00100082,18010509,TMAX,197,,,E,
EZE00100082,18010509,TMIN,139,,,E,
GM000010962,18010509,PRCP,51,,,E,
ITE00100554,18010509,TMAX,209,,,E,
ITE00100554,18010509,TMIN,154,,,E,
EZE00100082,18010510,TMAX,151,,,E,
EZE00100082,18010510,TMIN,100,,,E,
GM000010962,18010510,PRCP,10,,,E,
ITE00100554,18010510,TMAX,229,,,E,
ITE00100554,18010510,TMIN,153,,,E,
EZE00100082,18010511,TMAX,175,,,E,
EZE00100082,18010511,TMIN,78,,,E,
GM000010962,18010511,PRCP,0,,,E,
ITE00100554,18010511,TMAX,209,,,E,
ITE00100554,18010511,TMIN,134,,,E,
EZE00100082,18010512,TMAX,203,,,E,
EZE00100082,18010512,TMIN,93,,,E,
GM000010962,18010512,PRCP,0,,,E,
ITE00100554,18010512,TMAX,216,,,E,
ITE00100554,18010512,TMIN,146,,,E,
EZE00100082,18010513,TMAX,230,,,E,
EZE00100082,18010513,TMIN,114,,,E,
GM000010962,18010513,PRCP,0,,,E,
ITE00100554,18010513,TMAX,223,,,E,
ITE00100554,18010513,TMIN,154,,,E,
EZE00100082,18010514,TMAX,177,,,E,
EZE00100082,18010514,TMIN,99,,,E,
GM000010962,18010514,PRCP,48,,,E,
ITE00100554,18010514,TMAX,228,,,E,
ITE00100554,18010514,TMIN,159,,,E,
EZE00100082,18010515,TMAX,185,,,E,
EZE00100082,18010515,TMIN,83,,,E,
GM000010962,18010515,PRCP,0,,,E,
ITE00100554,18010515,TMAX,229,,,E,
ITE00100554,18010515,TMIN,159,,,E,
EZE00100082,18010516,TMAX,251,,,E,
EZE00100082,18010516,TMIN,113,,,E,
GM000010962,18010516,PRCP,0,,,E,
ITE00100554,18010516,TMAX,238,,,E,
ITE00100554,18010516,TMIN,166,,,E,
EZE00100082,18010517,TMAX,265,,,E,
EZE00100082,18010517,TMIN,144,,,E,
GM000010962,18010517,PRCP,0,,,E,
ITE00100554,18010517,TMAX,221,,,E,
ITE00100554,18010517,TMIN,175,,,E,
EZE00100082,18010518,TMAX,271,,,E,
EZE00100082,18010518,TMIN,165,,,E,
GM000010962,18010518,PRCP,0,,,E,
ITE00100554,18010518,TMAX,225,,,E,
ITE00100554,18010518,TMIN,154,,,E,
EZE00100082,18010519,TMAX,276,,,E,
EZE00100082,18010519,TMIN,174,,,E,
GM000010962,18010519,PRCP,0,,,E,
ITE00100554,18010519,TMAX,213,,,E,
ITE00100554,18010519,TMIN,178,,,E,
EZE00100082,18010520,TMAX,281,,,E,
EZE00100082,18010520,TMIN,177,,,E,
GM000010962,18010520,PRCP,0,,,E,
ITE00100554,18010520,TMAX,200,,,E,
ITE00100554,18010520,TMIN,166,,,E,
EZE00100082,18010521,TMAX,275,,,E,
EZE00100082,18010521,TMIN,166,,,E,
GM000010962,18010521,PRCP,6,,,E,
ITE00100554,18010521,TMAX,213,,,E,
ITE00100554,18010521,TMIN,150,,,E,
EZE00100082,18010522,TMAX,269,,,E,
EZE00100082,18010522,TMIN,155,,,E,
GM000010962,18010522,PRCP,294,,,E,
ITE00100554,18010522,TMAX,213,,,E,
ITE00100554,18010522,TMIN,154,,,E,
EZE00100082,18010523,TMAX,272,,,E,
EZE00100082,18010523,TMIN,165,,,E,
GM000010962,18010523,PRCP,11,,,E,
ITE00100554,18010523,TMAX,204,,,E,
ITE00100554,18010523,TMIN,154,,,E,
EZE00100082,18010524,TMAX,276,,,E,
EZE00100082,18010524,TMIN,172,,,E,
GM000010962,18010524,PRCP,5,,,E,
ITE00100554,18010524,TMAX,225,,,E,
ITE00100554,18010524,TMIN,146,,,E,
EZE00100082,18010525,TMAX,275,,,E,
EZE00100082,18010525,TMIN,167,,,E,
GM000010962,18010525,PRCP,97,,,E,
ITE00100554,18010525,TMAX,225,,,E,
ITE00100554,18010525,TMIN,166,,,E,
EZE00100082,18010526,TMAX,256,,,E,
EZE00100082,18010526,TMIN,158,,,E,
GM000010962,18010526,PRCP,3,,,E,
ITE00100554,18010526,TMAX,229,,,E,
ITE00100554,18010526,TMIN,165,,,E,
EZE00100082,18010527,TMAX,266,,,E,
EZE00100082,18010527,TMIN,138,,,E,
GM000010962,18010527,PRCP,31,,,E,
ITE00100554,18010527,TMAX,225,,,E,
ITE00100554,18010527,TMIN,175,,,E,
EZE00100082,18010528,TMAX,220,,,E,
EZE00100082,18010528,TMIN,131,,,E,
GM000010962,18010528,PRCP,0,,,E,
ITE00100554,18010528,TMAX,225,,,E,
ITE00100554,18010528,TMIN,129,,,E,
EZE00100082,18010529,TMAX,251,,,E,
EZE00100082,18010529,TMIN,148,,,E,
GM000010962,18010529,PRCP,0,,,E,
ITE00100554,18010529,TMAX,238,,,E,
ITE00100554,18010529,TMIN,156,,,E,
EZE00100082,18010530,TMAX,269,,,E,
EZE00100082,18010530,TMIN,158,,,E,
GM000010962,18010530,PRCP,0,,,E,
ITE00100554,18010530,TMAX,204,,,E,
ITE00100554,18010530,TMIN,166,,,E,
EZE00100082,18010531,TMAX,254,,,E,
EZE00100082,18010531,TMIN,180,,,E,
GM000010962,18010531,PRCP,167,,,E,
ITE00100554,18010531,TMAX,166,,,E,
ITE00100554,18010531,TMIN,166,,,E,
EZE00100082,18010601,TMAX,220,,,E,
EZE00100082,18010601,TMIN,152,,,E,
GM000010962,18010601,PRCP,18,,,E,
ITE00100554,18010601,TMAX,216,,,E,
ITE00100554,18010601,TMIN,135,,,E,
EZE00100082,18010602,TMAX,208,,,E,
EZE00100082,18010602,TMIN,140,,,E,
GM000010962,18010602,PRCP,3,,,E,
ITE00100554,18010602,TMAX,229,,,E,
ITE00100554,18010602,TMIN,154,,,E,
EZE00100082,18010603,TMAX,220,,,E,
EZE00100082,18010603,TMIN,160,,,E,
GM000010962,18010603,PRCP,0,,,E,
ITE00100554,18010603,TMAX,235,,,E,
ITE00100554,18010603,TMIN,173,,,E,
EZE00100082,18010604,TMAX,243,,,E,
EZE00100082,18010604,TMIN,152,,,E,
GM000010962,18010604,PRCP,152,,,E,
ITE00100554,18010604,TMAX,235,,,E,
ITE00100554,18010604,TMIN,156,,,E,
EZE00100082,18010605,TMAX,244,,,E,
EZE00100082,18010605,TMIN,180,,,E,
GM000010962,18010605,PRCP,102,,,E,
ITE00100554,18010605,TMAX,254,,,E,
ITE00100554,18010605,TMIN,179,,,E,
EZE00100082,18010606,TMAX,236,,,E,
EZE00100082,18010606,TMIN,175,,,E,
GM000010962,18010606,PRCP,54,,,E,
ITE00100554,18010606,TMAX,231,,,E,
ITE00100554,18010606,TMIN,185,,,E,
EZE00100082,18010607,TMAX,213,,,E,
EZE00100082,18010607,TMIN,154,,,E,
GM000010962,18010607,PRCP,141,,,E,
ITE00100554,18010607,TMAX,250,,,E,
ITE00100554,18010607,TMIN,160,,,E,
EZE00100082,18010608,TMAX,203,,,E,
EZE00100082,18010608,TMIN,145,,,E,
GM000010962,18010608,PRCP,16,,,E,
ITE00100554,18010608,TMAX,231,,,E,
ITE00100554,18010608,TMIN,173,,,E,
EZE00100082,18010609,TMAX,219,,,E,
EZE00100082,18010609,TMIN,144,,,E,
GM000010962,18010609,PRCP,0,,,E,
ITE00100554,18010609,TMAX,250,,,E,
ITE00100554,18010609,TMIN,163,,,E,
EZE00100082,18010610,TMAX,223,,,E,
EZE00100082,18010610,TMIN,143,,,E,
GM000010962,18010610,PRCP,0,,,E,
ITE00100554,18010610,TMAX,263,,,E,
ITE00100554,18010610,TMIN,198,,,E,
EZE00100082,18010611,TMAX,206,,,E,
EZE00100082,18010611,TMIN,140,,,E,
GM000010962,18010611,PRCP,0,,,E,
ITE00100554,18010611,TMAX,275,,,E,
ITE00100554,18010611,TMIN,200,,,E,
EZE00100082,18010612,TMAX,175,,,E,
EZE00100082,18010612,TMIN,118,,,E,
GM000010962,18010612,PRCP,33,,,E,
ITE00100554,18010612,TMAX,238,,,E,
ITE00100554,18010612,TMIN,191,,,E,
EZE00100082,18010613,TMAX,195,,,E,
EZE00100082,18010613,TMIN,116,,,E,
GM000010962,18010613,PRCP,0,,,E,
ITE00100554,18010613,TMAX,225,,,E,
ITE00100554,18010613,TMIN,175,,I,E,
EZE00100082,18010614,TMAX,135,,,E,
EZE00100082,18010614,TMIN,101,,,E,
GM000010962,18010614,PRCP,53,,,E,
ITE00100554,18010614,TMAX,154,,I,E,
ITE00100554,18010614,TMIN,146,,,E,
EZE00100082,18010615,TMAX,155,,,E,
EZE00100082,18010615,TMIN,95,,,E,
GM000010962,18010615,PRCP,25,,,E,
ITE00100554,18010615,TMAX,204,,,E,
ITE00100554,18010615,TMIN,144,,,E,
EZE00100082,18010616,TMAX,170,,,E,
EZE00100082,18010616,TMIN,102,,,E,
GM000010962,18010616,PRCP,7,,,E,
ITE00100554,18010616,TMAX,238,,,E,
ITE00100554,18010616,TMIN,141,,,E,
EZE00100082,18010617,TMAX,150,,,E,
EZE00100082,18010617,TMIN,89,,,E,
GM000010962,18010617,PRCP,49,,,E,
ITE00100554,18010617,TMAX,229,,,E,
ITE00100554,18010617,TMIN,146,,,E,
EZE00100082,18010618,TMAX,160,,,E,
EZE00100082,18010618,TMIN,120,,,E,
GM000010962,18010618,PRCP,37,,,E,
ITE00100554,18010618,TMAX,229,,,E,
ITE00100554,18010618,TMIN,140,,,E,
EZE00100082,18010619,TMAX,171,,,E,
EZE00100082,18010619,TMIN,120,,,E,
GM000010962,18010619,PRCP,0,,,E,
ITE00100554,18010619,TMAX,229,,,E,
ITE00100554,18010619,TMIN,154,,,E,
EZE00100082,18010620,TMAX,168,,,E,
EZE00100082,18010620,TMIN,121,,,E,
GM000010962,18010620,PRCP,0,,,E,
ITE00100554,18010620,TMAX,241,,,E,
ITE00100554,18010620,TMIN,154,,,E,
EZE00100082,18010621,TMAX,194,,,E,
EZE00100082,18010621,TMIN,131,,,E,
GM000010962,18010621,PRCP,0,,,E,
ITE00100554,18010621,TMAX,254,,,E,
ITE00100554,18010621,TMIN,175,,,E,
EZE00100082,18010622,TMAX,195,,,E,
EZE00100082,18010622,TMIN,115,,,E,
GM000010962,18010622,PRCP,32,,,E,
ITE00100554,18010622,TMAX,250,,,E,
ITE00100554,18010622,TMIN,191,,,E,
EZE00100082,18010623,TMAX,231,,,E,
EZE00100082,18010623,TMIN,110,,,E,
GM000010962,18010623,PRCP,45,,,E,
ITE00100554,18010623,TMAX,271,,,E,
ITE00100554,18010623,TMIN,191,,,E,
EZE00100082,18010624,TMAX,206,,,E,
EZE00100082,18010624,TMIN,148,,,E,
GM000010962,18010624,PRCP,104,,,E,
ITE00100554,18010624,TMAX,271,,,E,
ITE00100554,18010624,TMIN,200,,,E,
EZE00100082,18010625,TMAX,236,,,E,
EZE00100082,18010625,TMIN,143,,,E,
GM000010962,18010625,PRCP,25,,,E,
ITE00100554,18010625,TMAX,266,,,E,
ITE00100554,18010625,TMIN,209,,,E,
EZE00100082,18010626,TMAX,185,,,E,
EZE00100082,18010626,TMIN,139,,,E,
GM000010962,18010626,PRCP,102,,,E,
ITE00100554,18010626,TMAX,271,,,E,
ITE00100554,18010626,TMIN,196,,,E,
EZE00100082,18010627,TMAX,220,,,E,
EZE00100082,18010627,TMIN,120,,,E,
GM000010962,18010627,PRCP,33,,,E,
ITE00100554,18010627,TMAX,271,,,E,
ITE00100554,18010627,TMIN,200,,,E,
EZE00100082,18010628,TMAX,240,,,E,
EZE00100082,18010628,TMIN,124,,,E,
GM000010962,18010628,PRCP,0,,,E,
ITE00100554,18010628,TMAX,275,,,E,
ITE00100554,18010628,TMIN,204,,,E,
EZE00100082,18010629,TMAX,264,,,E,
EZE00100082,18010629,TMIN,149,,,E,
GM000010962,18010629,PRCP,0,,,E,
ITE00100554,18010629,TMAX,288,,,E,
ITE00100554,18010629,TMIN,200,,,E,
EZE00100082,18010630,TMAX,268,,,E,
EZE00100082,18010630,TMIN,154,,,E,
GM000010962,18010630,PRCP,0,,,E,
ITE00100554,18010630,TMAX,296,,,E,
ITE00100554,18010630,TMIN,216,,,E,
EZE00100082,18010701,TMAX,237,,,E,
EZE00100082,18010701,TMIN,186,,,E,
GM000010962,18010701,PRCP,57,,,E,
ITE00100554,18010701,TMAX,288,,,E,
ITE00100554,18010701,TMIN,198,,,E,
EZE00100082,18010702,TMAX,236,,,E,
EZE00100082,18010702,TMIN,176,,,E,
GM000010962,18010702,PRCP,63,,,E,
ITE00100554,18010702,TMAX,250,,,E,
ITE00100554,18010702,TMIN,216,,,E,
EZE00100082,18010703,TMAX,217,,,E,
EZE00100082,18010703,TMIN,164,,,E,
GM000010962,18010703,PRCP,145,,,E,
ITE00100554,18010703,TMAX,250,,,E,
ITE00100554,18010703,TMIN,198,,,E,
EZE00100082,18010704,TMAX,213,,,E,
EZE00100082,18010704,TMIN,153,,,E,
GM000010962,18010704,PRCP,2,,,E,
ITE00100554,18010704,TMAX,266,,,E,
ITE00100554,18010704,TMIN,190,,,E,
EZE00100082,18010705,TMAX,212,,,E,
EZE00100082,18010705,TMIN,160,,,E,
GM000010962,18010705,PRCP,27,,,E,
ITE00100554,18010705,TMAX,269,,,E,
ITE00100554,18010705,TMIN,191,,,E,
EZE00100082,18010706,TMAX,216,,,E,
EZE00100082,18010706,TMIN,160,,,E,
GM000010962,18010706,PRCP,2,,,E,
ITE00100554,18010706,TMAX,275,,,E,
ITE00100554,18010706,TMIN,206,,,E,
EZE00100082,18010707,TMAX,289,,,E,
EZE00100082,18010707,TMIN,175,,,E,
GM000010962,18010707,PRCP,0,,,E,
ITE00100554,18010707,TMAX,296,,,E,
ITE00100554,18010707,TMIN,209,,,E,
EZE00100082,18010708,TMAX,337,,,E,
EZE00100082,18010708,TMIN,196,,,E,
GM000010962,18010708,PRCP,0,,,E,
ITE00100554,18010708,TMAX,306,,,E,
ITE00100554,18010708,TMIN,225,,,E,
EZE00100082,18010709,TMAX,250,,,E,
EZE00100082,18010709,TMIN,181,,,E,
GM000010962,18010709,PRCP,98,,,E,
ITE00100554,18010709,TMAX,275,,,E,
ITE00100554,18010709,TMIN,234,,,E,
EZE00100082,18010710,TMAX,211,,,E,
EZE00100082,18010710,TMIN,168,,,E,
GM000010962,18010710,PRCP,6,,,E,
ITE00100554,18010710,TMAX,225,,,E,
ITE00100554,18010710,TMIN,191,,,E,
EZE00100082,18010711,TMAX,190,,,E,
EZE00100082,18010711,TMIN,150,,,E,
GM000010962,18010711,PRCP,52,,,E,
ITE00100554,18010711,TMAX,250,,,E,
ITE00100554,18010711,TMIN,159,,,E,
EZE00100082,18010712,TMAX,210,,,E,
EZE00100082,18010712,TMIN,140,,,E,
GM000010962,18010712,PRCP,2,,,E,
ITE00100554,18010712,TMAX,275,,,E,
ITE00100554,18010712,TMIN,184,,,E,
EZE00100082,18010713,TMAX,193,,,E,
EZE00100082,18010713,TMIN,144,,,E,
GM000010962,18010713,PRCP,1,,,E,
ITE00100554,18010713,TMAX,284,,,E,
ITE00100554,18010713,TMIN,188,,,E,
EZE00100082,18010714,TMAX,222,,,E,
EZE00100082,18010714,TMIN,154,,,E,
GM000010962,18010714,PRCP,82,,,E,
ITE00100554,18010714,TMAX,284,,,E,
ITE00100554,18010714,TMIN,209,,,E,
EZE00100082,18010715,TMAX,250,,,E,
EZE00100082,18010715,TMIN,163,,,E,
GM000010962,18010715,PRCP,30,,,E,
ITE00100554,18010715,TMAX,271,,,E,
ITE00100554,18010715,TMIN,185,,,E,
EZE00100082,18010716,TMAX,208,,,E,
EZE00100082,18010716,TMIN,166,,,E,
GM000010962,18010716,PRCP,36,,,E,
ITE00100554,18010716,TMAX,221,,,E,
ITE00100554,18010716,TMIN,184,,,E,
EZE00100082,18010717,TMAX,229,,,E,
EZE00100082,18010717,TMIN,157,,,E,
GM000010962,18010717,PRCP,4,,,E,
ITE00100554,18010717,TMAX,209,,,E,
ITE00100554,18010717,TMIN,163,,,E,
EZE00100082,18010718,TMAX,218,,,E,
EZE00100082,18010718,TMIN,154,,,E,
GM000010962,18010718,PRCP,6,,,E,
ITE00100554,18010718,TMAX,225,,,E,
ITE00100554,18010718,TMIN,154,,,E,
EZE00100082,18010719,TMAX,214,,,E,
EZE00100082,18010719,TMIN,153,,,E,
GM000010962,18010719,PRCP,2,,,E,
ITE00100554,18010719,TMAX,248,,,E,
ITE00100554,18010719,TMIN,163,,,E,
EZE00100082,18010720,TMAX,220,,,E,
EZE00100082,18010720,TMIN,170,,,E,
GM000010962,18010720,PRCP,0,,,E,
ITE00100554,18010720,TMAX,250,,,E,
ITE00100554,18010720,TMIN,175,,,E,
EZE00100082,18010721,TMAX,196,,,E,
EZE00100082,18010721,TMIN,164,,,E,
GM000010962,18010721,PRCP,1,,,E,
ITE00100554,18010721,TMAX,273,,,E,
ITE00100554,18010721,TMIN,188,,,E,
EZE00100082,18010722,TMAX,203,,,E,
EZE00100082,18010722,TMIN,158,,,E,
GM000010962,18010722,PRCP,20,,,E,
ITE00100554,18010722,TMAX,288,,,E,
ITE00100554,18010722,TMIN,188,,,E,
EZE00100082,18010723,TMAX,231,,,E,
EZE00100082,18010723,TMIN,179,,,E,
GM000010962,18010723,PRCP,7,,,E,
ITE00100554,18010723,TMAX,288,,,E,
ITE00100554,18010723,TMIN,200,,,E,
EZE00100082,18010724,TMAX,254,,,E,
EZE00100082,18010724,TMIN,184,,,E,
GM000010962,18010724,PRCP,0,,,E,
ITE00100554,18010724,TMAX,296,,,E,
ITE00100554,18010724,TMIN,209,,,E,
EZE00100082,18010725,TMAX,289,,,E,
EZE00100082,18010725,TMIN,176,,,E,
GM000010962,18010725,PRCP,0,,,E,
ITE00100554,18010725,TMAX,225,,,E,
ITE00100554,18010725,TMIN,219,,,E,
EZE00100082,18010726,TMAX,235,,,E,
EZE00100082,18010726,TMIN,166,,,E,
GM000010962,18010726,PRCP,207,,,E,
ITE00100554,18010726,TMAX,256,,,E,
ITE00100554,18010726,TMIN,179,,,E,
EZE00100082,18010727,TMAX,226,,,E,
EZE00100082,18010727,TMIN,164,,,E,
GM000010962,18010727,PRCP,0,,,E,
ITE00100554,18010727,TMAX,259,,,E,
ITE00100554,18010727,TMIN,198,,,E,
EZE00100082,18010728,TMAX,256,,,E,
EZE00100082,18010728,TMIN,171,,,E,
GM000010962,18010728,PRCP,0,,,E,
ITE00100554,18010728,TMAX,275,,,E,
ITE00100554,18010728,TMIN,200,,,E,
EZE00100082,18010729,TMAX,267,,,E,
EZE00100082,18010729,TMIN,183,,,E,
GM000010962,18010729,PRCP,24,,,E,
ITE00100554,18010729,TMAX,281,,,E,
ITE00100554,18010729,TMIN,204,,,E,
EZE00100082,18010730,TMAX,258,,,E,
EZE00100082,18010730,TMIN,166,,,E,
GM000010962,18010730,PRCP,0,,,E,
ITE00100554,18010730,TMAX,291,,,E,
ITE00100554,18010730,TMIN,216,,,E,
EZE00100082,18010731,TMAX,270,,,E,
EZE00100082,18010731,TMIN,195,,,E,
GM000010962,18010731,PRCP,79,,,E,
ITE00100554,18010731,TMAX,298,,,E,
ITE00100554,18010731,TMIN,238,,,E,
EZE00100082,18010801,TMAX,251,,,E,
EZE00100082,18010801,TMIN,168,,,E,
GM000010962,18010801,PRCP,8,,,E,
ITE00100554,18010801,TMAX,279,,,E,
ITE00100554,18010801,TMIN,196,,,E,
EZE00100082,18010802,TMAX,228,,,E,
EZE00100082,18010802,TMIN,169,,,E,
GM000010962,18010802,PRCP,54,,,E,
ITE00100554,18010802,TMAX,279,,,E,
ITE00100554,18010802,TMIN,198,,,E,
EZE00100082,18010803,TMAX,225,,,E,
EZE00100082,18010803,TMIN,167,,,E,
GM000010962,18010803,PRCP,33,,,E,
ITE00100554,18010803,TMAX,275,,,E,
ITE00100554,18010803,TMIN,204,,,E,
EZE00100082,18010804,TMAX,235,,,E,
EZE00100082,18010804,TMIN,155,,,E,
GM000010962,18010804,PRCP,20,,,E,
ITE00100554,18010804,TMAX,250,,,E,
ITE00100554,18010804,TMIN,213,,,E,
EZE00100082,18010805,TMAX,228,,,E,
EZE00100082,18010805,TMIN,167,,,E,
GM000010962,18010805,PRCP,169,,,E,
ITE00100554,18010805,TMAX,266,,,E,
ITE00100554,18010805,TMIN,184,,,E,
EZE00100082,18010806,TMAX,188,,,E,
EZE00100082,18010806,TMIN,128,,,E,
GM000010962,18010806,PRCP,52,,,E,
ITE00100554,18010806,TMAX,284,,,E,
ITE00100554,18010806,TMIN,179,,,E,
EZE00100082,18010807,TMAX,206,,,E,
EZE00100082,18010807,TMIN,123,,,E,
GM000010962,18010807,PRCP,0,,,E,
ITE00100554,18010807,TMAX,260,,,E,
ITE00100554,18010807,TMIN,209,,,E,
EZE00100082,18010808,TMAX,217,,,E,
EZE00100082,18010808,TMIN,145,,,E,
GM000010962,18010808,PRCP,0,,,E,
ITE00100554,18010808,TMAX,250,,,E,
ITE00100554,18010808,TMIN,179,,,E,
EZE00100082,18010809,TMAX,230,,,E,
EZE00100082,18010809,TMIN,140,,,E,
GM000010962,18010809,PRCP,0,,,E,
ITE00100554,18010809,TMAX,259,,,E,
ITE00100554,18010809,TMIN,179,,,E,
EZE00100082,18010810,TMAX,251,,,E,
EZE00100082,18010810,TMIN,154,,,E,
GM000010962,18010810,PRCP,1,,,E,
ITE00100554,18010810,TMAX,256,,,E,
ITE00100554,18010810,TMIN,179,,,E,
EZE00100082,18010811,TMAX,235,,,E,
EZE00100082,18010811,TMIN,170,,,E,
GM000010962,18010811,PRCP,0,,,E,
ITE00100554,18010811,TMAX,271,,,E,
ITE00100554,18010811,TMIN,175,,,E,
EZE00100082,18010812,TMAX,254,,,E,
EZE00100082,18010812,TMIN,184,,,E,
GM000010962,18010812,PRCP,0,,,E,
ITE00100554,18010812,TMAX,281,,,E,
ITE00100554,18010812,TMIN,200,,,E,
EZE00100082,18010813,TMAX,257,,,E,
EZE00100082,18010813,TMIN,185,,,E,
GM000010962,18010813,PRCP,0,,,E,
ITE00100554,18010813,TMAX,254,,,E,
ITE00100554,18010813,TMIN,210,,,E,
EZE00100082,18010814,TMAX,251,,,E,
EZE00100082,18010814,TMIN,184,,,E,
GM000010962,18010814,PRCP,86,,,E,
ITE00100554,18010814,TMAX,266,,,E,
ITE00100554,18010814,TMIN,175,,,E,
EZE00100082,18010815,TMAX,258,,,E,
EZE00100082,18010815,TMIN,185,,,E,
GM000010962,18010815,PRCP,51,,,E,
ITE00100554,18010815,TMAX,254,,,E,
ITE00100554,18010815,TMIN,188,,,E,
EZE00100082,18010816,TMAX,203,,,E,
EZE00100082,18010816,TMIN,149,,,E,
GM000010962,18010816,PRCP,8,,,E,
ITE00100554,18010816,TMAX,266,,,E,
ITE00100554,18010816,TMIN,178,,,E,
EZE00100082,18010817,TMAX,194,,,E,
EZE00100082,18010817,TMIN,144,,,E,
GM000010962,18010817,PRCP,19,,,E,
ITE00100554,18010817,TMAX,254,,,E,
ITE00100554,18010817,TMIN,188,,,E,
EZE00100082,18010818,TMAX,211,,,E,
EZE00100082,18010818,TMIN,127,,,E,
GM000010962,18010818,PRCP,13,,,E,
ITE00100554,18010818,TMAX,254,,,E,
ITE00100554,18010818,TMIN,185,,,E,
EZE00100082,18010819,TMAX,242,,,E,
EZE00100082,18010819,TMIN,140,,,E,
GM000010962,18010819,PRCP,0,,,E,
ITE00100554,18010819,TMAX,254,,,E,
ITE00100554,18010819,TMIN,188,,,E,
EZE00100082,18010820,TMAX,255,,,E,
EZE00100082,18010820,TMIN,181,,,E,
GM000010962,18010820,PRCP,0,,,E,
ITE00100554,18010820,TMAX,254,,,E,
ITE00100554,18010820,TMIN,175,,,E,
EZE00100082,18010821,TMAX,248,,,E,
EZE00100082,18010821,TMIN,135,,,E,
GM000010962,18010821,PRCP,0,,,E,
ITE00100554,18010821,TMAX,266,,,E,
ITE00100554,18010821,TMIN,191,,,E,
EZE00100082,18010822,TMAX,182,,,E,
EZE00100082,18010822,TMIN,119,,,E,
GM000010962,18010822,PRCP,1,,,E,
ITE00100554,18010822,TMAX,266,,,E,
ITE00100554,18010822,TMIN,194,,,E,
EZE00100082,18010823,TMAX,211,,,E,
EZE00100082,18010823,TMIN,110,,,E,
GM000010962,18010823,PRCP,1,,,E,
ITE00100554,18010823,TMAX,241,,,E,
ITE00100554,18010823,TMIN,196,,,E,
EZE00100082,18010824,TMAX,221,,,E,
EZE00100082,18010824,TMIN,116,,,E,
GM000010962,18010824,PRCP,0,,,E,
ITE00100554,18010824,TMAX,250,,,E,
ITE00100554,18010824,TMIN,159,,,E,
EZE00100082,18010825,TMAX,207,,,E,
EZE00100082,18010825,TMIN,153,,,E,
GM000010962,18010825,PRCP,0,,,E,
ITE00100554,18010825,TMAX,254,,,E,
ITE00100554,18010825,TMIN,156,,,E,
EZE00100082,18010826,TMAX,201,,,E,
EZE00100082,18010826,TMIN,148,,,E,
GM000010962,18010826,PRCP,0,,,E,
ITE00100554,18010826,TMAX,250,,,E,
ITE00100554,18010826,TMIN,191,,,E,
EZE00100082,18010827,TMAX,220,,,E,
EZE00100082,18010827,TMIN,144,,,E,
GM000010962,18010827,PRCP,0,,,E,
ITE00100554,18010827,TMAX,259,,,E,
ITE00100554,18010827,TMIN,184,,,E,
EZE00100082,18010828,TMAX,253,,,E,
EZE00100082,18010828,TMIN,122,,,E,
GM000010962,18010828,PRCP,0,,,E,
ITE00100554,18010828,TMAX,263,,,E,
ITE00100554,18010828,TMIN,188,,,E,
EZE00100082,18010829,TMAX,216,,,E,
EZE00100082,18010829,TMIN,166,,,E,
GM000010962,18010829,PRCP,0,,,E,
ITE00100554,18010829,TMAX,276,,,E,
ITE00100554,18010829,TMIN,196,,,E,
EZE00100082,18010830,TMAX,205,,,E,
EZE00100082,18010830,TMIN,155,,,E,
GM000010962,18010830,PRCP,0,,,E,
ITE00100554,18010830,TMAX,288,,,E,
ITE00100554,18010830,TMIN,188,,,E,
EZE00100082,18010831,TMAX,257,,,E,
EZE00100082,18010831,TMIN,174,,,E,
GM000010962,18010831,PRCP,1,,,E,
ITE00100554,18010831,TMAX,269,,,E,
ITE00100554,18010831,TMIN,196,,,E,
EZE00100082,18010901,TMAX,243,,,E,
EZE00100082,18010901,TMIN,160,,,E,
GM000010962,18010901,PRCP,59,,,E,
ITE00100554,18010901,TMAX,254,,,E,
ITE00100554,18010901,TMIN,209,,,E,
EZE00100082,18010902,TMAX,225,,,E,
EZE00100082,18010902,TMIN,152,,,E,
GM000010962,18010902,PRCP,25,,,E,
ITE00100554,18010902,TMAX,213,,,E,
ITE00100554,18010902,TMIN,206,,,E,
EZE00100082,18010903,TMAX,210,,,E,
EZE00100082,18010903,TMIN,157,,,E,
GM000010962,18010903,PRCP,0,,,E,
ITE00100554,18010903,TMAX,238,,,E,
ITE00100554,18010903,TMIN,153,,,E,
EZE00100082,18010904,TMAX,229,,,E,
EZE00100082,18010904,TMIN,151,,,E,
GM000010962,18010904,PRCP,0,,,E,
ITE00100554,18010904,TMAX,241,,,E,
ITE00100554,18010904,TMIN,171,,,E,
EZE00100082,18010905,TMAX,241,,,E,
EZE00100082,18010905,TMIN,157,,,E,
GM000010962,18010905,PRCP,0,,,E,
ITE00100554,18010905,TMAX,250,,,E,
ITE00100554,18010905,TMIN,196,,,E,
EZE00100082,18010906,TMAX,266,,,E,
EZE00100082,18010906,TMIN,160,,,E,
GM000010962,18010906,PRCP,0,,,E,
ITE00100554,18010906,TMAX,254,,,E,
ITE00100554,18010906,TMIN,196,,,E,
EZE00100082,18010907,TMAX,266,,,E,
EZE00100082,18010907,TMIN,168,,,E,
GM000010962,18010907,PRCP,15,,,E,
ITE00100554,18010907,TMAX,250,,,E,
ITE00100554,18010907,TMIN,179,,,E,
EZE00100082,18010908,TMAX,234,,,E,
EZE00100082,18010908,TMIN,158,,,E,
GM000010962,18010908,PRCP,5,,,E,
ITE00100554,18010908,TMAX,254,,,E,
ITE00100554,18010908,TMIN,184,,,E,
EZE00100082,18010909,TMAX,158,,,E,
EZE00100082,18010909,TMIN,138,,,E,
GM000010962,18010909,PRCP,127,,,E,
ITE00100554,18010909,TMAX,213,,,E,
ITE00100554,18010909,TMIN,181,,,E,
EZE00100082,18010910,TMAX,158,,,E,
EZE00100082,18010910,TMIN,135,,,E,
GM000010962,18010910,PRCP,68,,,E,
ITE00100554,18010910,TMAX,225,,,E,
ITE00100554,18010910,TMIN,163,,,E,
EZE00100082,18010911,TMAX,188,,,E,
EZE00100082,18010911,TMIN,142,,,E,
GM000010962,18010911,PRCP,14,,,E,
ITE00100554,18010911,TMAX,248,,,E,
ITE00100554,18010911,TMIN,170,,,E,
EZE00100082,18010912,TMAX,208,,,E,
EZE00100082,18010912,TMIN,154,,,E,
GM000010962,18010912,PRCP,4,,,E,
ITE00100554,18010912,TMAX,219,,,E,
ITE00100554,18010912,TMIN,175,,,E,
EZE00100082,18010913,TMAX,227,,,E,
EZE00100082,18010913,TMIN,173,,,E,
GM000010962,18010913,PRCP,11,,,E,
ITE00100554,18010913,TMAX,234,,,E,
ITE00100554,18010913,TMIN,163,,,E,
EZE00100082,18010914,TMAX,208,,,E,
EZE00100082,18010914,TMIN,168,,,E,
GM000010962,18010914,PRCP,92,,,E,
ITE00100554,18010914,TMAX,234,,,E,
ITE00100554,18010914,TMIN,196,,,E,
EZE00100082,18010915,TMAX,219,,,E,
EZE00100082,18010915,TMIN,165,,,E,
GM000010962,18010915,PRCP,43,,,E,
ITE00100554,18010915,TMAX,241,,,E,
ITE00100554,18010915,TMIN,196,,,E,
EZE00100082,18010916,TMAX,241,,,E,
EZE00100082,18010916,TMIN,157,,,E,
GM000010962,18010916,PRCP,1,,,E,
ITE00100554,18010916,TMAX,245,,,E,
ITE00100554,18010916,TMIN,196,,,E,
EZE00100082,18010917,TMAX,242,,,E,
EZE00100082,18010917,TMIN,142,,,E,
GM000010962,18010917,PRCP,2,,,E,
ITE00100554,18010917,TMAX,233,,,E,
ITE00100554,18010917,TMIN,196,,,E,
EZE00100082,18010918,TMAX,248,,,E,
EZE00100082,18010918,TMIN,154,,,E,
GM000010962,18010918,PRCP,0,,,E,
ITE00100554,18010918,TMAX,220,,,E,
ITE00100554,18010918,TMIN,194,,,E,
EZE00100082,18010919,TMAX,258,,,E,
EZE00100082,18010919,TMIN,160,,,E,
GM000010962,18010919,PRCP,4,,,E,
ITE00100554,18010919,TMAX,209,,,E,
ITE00100554,18010919,TMIN,175,,,E,
EZE00100082,18010920,TMAX,282,,,E,
EZE00100082,18010920,TMIN,172,,,E,
GM000010962,18010920,PRCP,5,,,E,
ITE00100554,18010920,TMAX,208,,,E,
ITE00100554,18010920,TMIN,185,,,E,
EZE00100082,18010921,TMAX,246,,,E,
EZE00100082,18010921,TMIN,164,,,E,
GM000010962,18010921,PRCP,76,,,E,
ITE00100554,18010921,TMAX,223,,,E,
ITE00100554,18010921,TMIN,183,,,E,
EZE00100082,18010922,TMAX,172,,,E,
EZE00100082,18010922,TMIN,154,,,E,
GM000010962,18010922,PRCP,30,,,E,
ITE00100554,18010922,TMAX,175,,,E,
ITE00100554,18010922,TMIN,163,,,E,
EZE00100082,18010923,TMAX,173,,,E,
EZE00100082,18010923,TMIN,147,,,E,
GM000010962,18010923,PRCP,38,,,E,
ITE00100554,18010923,TMAX,184,,,E,
ITE00100554,18010923,TMIN,131,,,E,
EZE00100082,18010924,TMAX,163,,,E,
EZE00100082,18010924,TMIN,131,,,E,
GM000010962,18010924,PRCP,12,,,E,
ITE00100554,18010924,TMAX,200,,,E,
ITE00100554,18010924,TMIN,131,,,E,
EZE00100082,18010925,TMAX,174,,,E,
EZE00100082,18010925,TMIN,116,,,E,
GM000010962,18010925,PRCP,25,,,E,
ITE00100554,18010925,TMAX,209,,,E,
ITE00100554,18010925,TMIN,138,,,E,
EZE00100082,18010926,TMAX,177,,,E,
EZE00100082,18010926,TMIN,125,,,E,
GM000010962,18010926,PRCP,24,,,E,
ITE00100554,18010926,TMAX,196,,,E,
ITE00100554,18010926,TMIN,134,,,E,
EZE00100082,18010927,TMAX,166,,,E,
EZE00100082,18010927,TMIN,128,,,E,
GM000010962,18010927,PRCP,122,,,E,
ITE00100554,18010927,TMAX,208,,,E,
ITE00100554,18010927,TMIN,133,,,E,
EZE00100082,18010928,TMAX,171,,,E,
EZE00100082,18010928,TMIN,133,,,E,
GM000010962,18010928,PRCP,65,,,E,
ITE00100554,18010928,TMAX,210,,,E,
ITE00100554,18010928,TMIN,138,,,E,
EZE00100082,18010929,TMAX,168,,,E,
EZE00100082,18010929,TMIN,129,,,E,
GM000010962,18010929,PRCP,0,,,E,
ITE00100554,18010929,TMAX,210,,,E,
ITE00100554,18010929,TMIN,158,,,E,
EZE00100082,18010930,TMAX,177,,,E,
EZE00100082,18010930,TMIN,110,,,E,
GM000010962,18010930,PRCP,0,,,E,
ITE00100554,18010930,TMAX,223,,,E,
ITE00100554,18010930,TMIN,169,,,E,
EZE00100082,18011001,TMAX,173,,,E,
EZE00100082,18011001,TMIN,133,,,E,
GM000010962,18011001,PRCP,51,,,E,
ITE00100554,18011001,TMAX,188,,,E,
ITE00100554,18011001,TMIN,175,,,E,
EZE00100082,18011002,TMAX,145,,,E,
EZE00100082,18011002,TMIN,116,,,E,
GM000010962,18011002,PRCP,20,,,E,
ITE00100554,18011002,TMAX,208,,,E,
ITE00100554,18011002,TMIN,156,,,E,
EZE00100082,18011003,TMAX,160,,,E,
EZE00100082,18011003,TMIN,115,,,E,
GM000010962,18011003,PRCP,0,,,E,
ITE00100554,18011003,TMAX,196,,,E,
ITE00100554,18011003,TMIN,145,,,E,
EZE00100082,18011004,TMAX,161,,,E,
EZE00100082,18011004,TMIN,111,,,E,
GM000010962,18011004,PRCP,0,,,E,
ITE00100554,18011004,TMAX,196,,,E,
ITE00100554,18011004,TMIN,125,,,E,
EZE00100082,18011005,TMAX,157,,,E,
EZE00100082,18011005,TMIN,113,,,E,
GM000010962,18011005,PRCP,0,,,E,
ITE00100554,18011005,TMAX,194,,,E,
ITE00100554,18011005,TMIN,146,,,E,
EZE00100082,18011006,TMAX,161,,,E,
EZE00100082,18011006,TMIN,115,,,E,
GM000010962,18011006,PRCP,0,,,E,
ITE00100554,18011006,TMAX,188,,,E,
ITE00100554,18011006,TMIN,135,,,E,
EZE00100082,18011007,TMAX,172,,,E,
EZE00100082,18011007,TMIN,129,,,E,
GM000010962,18011007,PRCP,8,,,E,
ITE00100554,18011007,TMAX,138,,,E,
ITE00100554,18011007,TMIN,131,,,E,
EZE00100082,18011008,TMAX,151,,,E,
EZE00100082,18011008,TMIN,135,,,E,
GM000010962,18011008,PRCP,90,,,E,
ITE00100554,18011008,TMAX,175,,,E,
ITE00100554,18011008,TMIN,120,,,E,
EZE00100082,18011009,TMAX,179,,,E,
EZE00100082,18011009,TMIN,130,,,E,
GM000010962,18011009,PRCP,0,,,E,
ITE00100554,18011009,TMAX,181,,,E,
ITE00100554,18011009,TMIN,120,,,E,
EZE00100082,18011010,TMAX,174,,,E,
EZE00100082,18011010,TMIN,102,,,E,
GM000010962,18011010,PRCP,0,,,E,
ITE00100554,18011010,TMAX,160,,,E,
ITE00100554,18011010,TMIN,145,,,E,
EZE00100082,18011011,TMAX,161,,,E,
EZE00100082,18011011,TMIN,130,,,E,
GM000010962,18011011,PRCP,0,,,E,
ITE00100554,18011011,TMAX,181,,,E,
ITE00100554,18011011,TMIN,163,,,E,
EZE00100082,18011012,TMAX,174,,,E,
EZE00100082,18011012,TMIN,136,,,E,
GM000010962,18011012,PRCP,0,,,E,
ITE00100554,18011012,TMAX,179,,,E,
ITE00100554,18011012,TMIN,146,,,E,
EZE00100082,18011013,TMAX,165,,,E,
EZE00100082,18011013,TMIN,130,,,E,
GM000010962,18011013,PRCP,0,,,E,
ITE00100554,18011013,TMAX,184,,,E,
ITE00100554,18011013,TMIN,131,,,E,
EZE00100082,18011014,TMAX,160,,,E,
EZE00100082,18011014,TMIN,118,,,E,
GM000010962,18011014,PRCP,0,,,E,
ITE00100554,18011014,TMAX,181,,,E,
ITE00100554,18011014,TMIN,120,,,E,
EZE00100082,18011015,TMAX,172,,,E,
EZE00100082,18011015,TMIN,110,,,E,
GM000010962,18011015,PRCP,0,,,E,
ITE00100554,18011015,TMAX,179,,,E,
ITE00100554,18011015,TMIN,120,,,E,
EZE00100082,18011016,TMAX,144,,,E,
EZE00100082,18011016,TMIN,115,,,E,
GM000010962,18011016,PRCP,25,,,E,
ITE00100554,18011016,TMAX,173,,,E,
ITE00100554,18011016,TMIN,131,,,E,
EZE00100082,18011017,TMAX,160,,,E,
EZE00100082,18011017,TMIN,109,,,E,
GM000010962,18011017,PRCP,13,,,E,
ITE00100554,18011017,TMAX,179,,,E,
ITE00100554,18011017,TMIN,113,,,E,
EZE00100082,18011018,TMAX,184,,,E,
EZE00100082,18011018,TMIN,118,,,E,
GM000010962,18011018,PRCP,29,,,E,
ITE00100554,18011018,TMAX,163,,,E,
ITE00100554,18011018,TMIN,125,,,E,
EZE00100082,18011019,TMAX,149,,,E,
EZE00100082,18011019,TMIN,107,,,E,
GM000010962,18011019,PRCP,2,,,E,
ITE00100554,18011019,TMAX,181,,,E,
ITE00100554,18011019,TMIN,138,,,E,
EZE00100082,18011020,TMAX,137,,,E,
EZE00100082,18011020,TMIN,77,,,E,
GM000010962,18011020,PRCP,0,,,E,
ITE00100554,18011020,TMAX,175,,,E,
ITE00100554,18011020,TMIN,145,,,E,
EZE00100082,18011021,TMAX,120,,,E,
EZE00100082,18011021,TMIN,69,,,E,
GM000010962,18011021,PRCP,6,,,E,
ITE00100554,18011021,TMAX,166,,,E,
ITE00100554,18011021,TMIN,103,,,E,
EZE00100082,18011022,TMAX,125,,,E,
EZE00100082,18011022,TMIN,57,,,E,
GM000010962,18011022,PRCP,0,,,E,
ITE00100554,18011022,TMAX,138,,,E,
ITE00100554,18011022,TMIN,100,,,E,
EZE00100082,18011023,TMAX,117,,,E,
EZE00100082,18011023,TMIN,63,,,E,
GM000010962,18011023,PRCP,1,,,E,
ITE00100554,18011023,TMAX,123,,,E,
ITE00100554,18011023,TMIN,110,,,E,
EZE00100082,18011024,TMAX,137,,,E,
EZE00100082,18011024,TMIN,106,,,E,
GM000010962,18011024,PRCP,2,,,E,
ITE00100554,18011024,TMAX,166,,,E,
ITE00100554,18011024,TMIN,123,,,E,
EZE00100082,18011025,TMAX,170,,,E,
EZE00100082,18011025,TMIN,99,,,E,
GM000010962,18011025,PRCP,0,,,E,
ITE00100554,18011025,TMAX,125,,,E,
ITE00100554,18011025,TMIN,100,,,E,
EZE00100082,18011026,TMAX,145,,,E,
EZE00100082,18011026,TMIN,76,,,E,
GM000010962,18011026,PRCP,10,,,E,
ITE00100554,18011026,TMAX,110,,,E,
ITE00100554,18011026,TMIN,106,,,E,
EZE00100082,18011027,TMAX,115,,,E,
EZE00100082,18011027,TMIN,70,,,E,
GM000010962,18011027,PRCP,5,,,E,
ITE00100554,18011027,TMAX,121,,,E,
ITE00100554,18011027,TMIN,103,,,E,
EZE00100082,18011028,TMAX,128,,,E,
EZE00100082,18011028,TMIN,85,,,E,
GM000010962,18011028,PRCP,0,,,E,
ITE00100554,18011028,TMAX,125,,,E,
ITE00100554,18011028,TMIN,75,,,E,
EZE00100082,18011029,TMAX,85,,,E,
EZE00100082,18011029,TMIN,62,,,E,
GM000010962,18011029,PRCP,23,,,E,
ITE00100554,18011029,TMAX,150,,,E,
ITE00100554,18011029,TMIN,106,,,E,
EZE00100082,18011030,TMAX,112,,,E,
EZE00100082,18011030,TMIN,74,,,E,
GM000010962,18011030,PRCP,0,,,E,
ITE00100554,18011030,TMAX,133,,,E,
ITE00100554,18011030,TMIN,88,,,E,
EZE00100082,18011031,TMAX,122,,,E,
EZE00100082,18011031,TMIN,93,,,E,
GM000010962,18011031,PRCP,0,,,E,
ITE00100554,18011031,TMAX,129,,,E,
ITE00100554,18011031,TMIN,63,,,E,
EZE00100082,18011101,TMAX,150,,,E,
EZE00100082,18011101,TMIN,100,,,E,
GM000010962,18011101,PRCP,0,,,E,
ITE00100554,18011101,TMAX,108,,,E,
ITE00100554,18011101,TMIN,73,,,E,
EZE00100082,18011102,TMAX,133,,,E,
EZE00100082,18011102,TMIN,100,,,E,
GM000010962,18011102,PRCP,0,,,E,
ITE00100554,18011102,TMAX,108,,,E,
ITE00100554,18011102,TMIN,75,,,E,
EZE00100082,18011103,TMAX,123,,,E,
EZE00100082,18011103,TMIN,75,,,E,
GM000010962,18011103,PRCP,0,,,E,
ITE00100554,18011103,TMAX,131,,,E,
ITE00100554,18011103,TMIN,96,,,E,
EZE00100082,18011104,TMAX,118,,,E,
EZE00100082,18011104,TMIN,67,,,E,
GM000010962,18011104,PRCP,21,,,E,
ITE00100554,18011104,TMAX,125,,,E,
ITE00100554,18011104,TMIN,113,,,E,
EZE00100082,18011105,TMAX,150,,,E,
EZE00100082,18011105,TMIN,72,,,E,
GM000010962,18011105,PRCP,14,,,E,
ITE00100554,18011105,TMAX,148,,,E,
ITE00100554,18011105,TMIN,125,,,E,
EZE00100082,18011106,TMAX,88,,,E,
EZE00100082,18011106,TMIN,39,,,E,
GM000010962,18011106,PRCP,190,,,E,
ITE00100554,18011106,TMAX,121,,,E,
ITE00100554,18011106,TMIN,110,,,E,
EZE00100082,18011107,TMAX,80,,,E,
EZE00100082,18011107,TMIN,14,,,E,
GM000010962,18011107,PRCP,0,,,E,
ITE00100554,18011107,TMAX,105,,,E,
ITE00100554,18011107,TMIN,94,,,E,
EZE00100082,18011108,TMAX,90,,,E,
EZE00100082,18011108,TMIN,37,,,E,
GM000010962,18011108,PRCP,2,,,E,
ITE00100554,18011108,TMAX,100,,I,E,
ITE00100554,18011108,TMIN,88,,,E,
EZE00100082,18011109,TMAX,96,,,E,
EZE00100082,18011109,TMIN,70,,,E,
GM000010962,18011109,PRCP,0,,,E,
ITE00100554,18011109,TMAX,119,,,E,
ITE00100554,18011109,TMIN,116,,I,E,
EZE00100082,18011110,TMAX,77,,,E,
EZE00100082,18011110,TMIN,62,,,E,
GM000010962,18011110,PRCP,0,,,E,
ITE00100554,18011110,TMAX,138,,,E,
ITE00100554,18011110,TMIN,113,,,E,
EZE00100082,18011111,TMAX,64,,,E,
EZE00100082,18011111,TMIN,61,,,E,
GM000010962,18011111,PRCP,0,,,E,
ITE00100554,18011111,TMAX,138,,,E,
ITE00100554,18011111,TMIN,115,,,E,
EZE00100082,18011112,TMAX,80,,,E,
EZE00100082,18011112,TMIN,44,,,E,
GM000010962,18011112,PRCP,0,,,E,
ITE00100554,18011112,TMAX,119,,,E,
ITE00100554,18011112,TMIN,116,,,E,
EZE00100082,18011113,TMAX,94,,,E,
EZE00100082,18011113,TMIN,37,,,E,
GM000010962,18011113,PRCP,0,,,E,
ITE00100554,18011113,TMAX,131,,,E,
ITE00100554,18011113,TMIN,113,,,E,
EZE00100082,18011114,TMAX,77,,,E,
EZE00100082,18011114,TMIN,49,,,E,
GM000010962,18011114,PRCP,0,,,E,
ITE00100554,18011114,TMAX,138,,,E,
ITE00100554,18011114,TMIN,119,,,E,
EZE00100082,18011115,TMAX,76,,,E,
EZE00100082,18011115,TMIN,62,,,E,
GM000010962,18011115,PRCP,6,,,E,
ITE00100554,18011115,TMAX,134,,,E,
ITE00100554,18011115,TMIN,120,,I,E,
EZE00100082,18011116,TMAX,98,,,E,
EZE00100082,18011116,TMIN,56,,,E,
GM000010962,18011116,PRCP,0,,,E,
ITE00100554,18011116,TMAX,104,,I,E,
ITE00100554,18011116,TMIN,98,,,E,
EZE00100082,18011117,TMAX,63,,,E,
EZE00100082,18011117,TMIN,27,,,E,
GM000010962,18011117,PRCP,0,,,E,
ITE00100554,18011117,TMAX,113,,,E,
ITE00100554,18011117,TMIN,98,,,E,
EZE00100082,18011118,TMAX,81,,,E,
EZE00100082,18011118,TMIN,40,,,E,
GM000010962,18011118,PRCP,0,,,E,
ITE00100554,18011118,TMAX,100,,,E,
ITE00100554,18011118,TMIN,100,,,E,
EZE00100082,18011119,TMAX,100,,,E,
EZE00100082,18011119,TMIN,42,,,E,
GM000010962,18011119,PRCP,0,,,E,
ITE00100554,18011119,TMAX,98,,,E,
ITE00100554,18011119,TMIN,75,,,E,
EZE00100082,18011120,TMAX,86,,,E,
EZE00100082,18011120,TMIN,44,,,E,
GM000010962,18011120,PRCP,32,,,E,
ITE00100554,18011120,TMAX,113,,,E,
ITE00100554,18011120,TMIN,95,,I,E,
EZE00100082,18011121,TMAX,65,,,E,
EZE00100082,18011121,TMIN,25,,,E,
GM000010962,18011121,PRCP,0,,,E,
ITE00100554,18011121,TMAX,75,,I,E,
ITE00100554,18011121,TMIN,50,,,E,
EZE00100082,18011122,TMAX,59,,,E,
EZE00100082,18011122,TMIN,16,,,E,
GM000010962,18011122,PRCP,71,,,E,
ITE00100554,18011122,TMAX,100,,,E,
ITE00100554,18011122,TMIN,35,,,E,
EZE00100082,18011123,TMAX,54,,,E,
EZE00100082,18011123,TMIN,30,,,E,
GM000010962,18011123,PRCP,16,,,E,
ITE00100554,18011123,TMAX,81,,,E,
ITE00100554,18011123,TMIN,25,,,E,
EZE00100082,18011124,TMAX,43,,,E,
EZE00100082,18011124,TMIN,28,,,E,
GM000010962,18011124,PRCP,14,,,E,
ITE00100554,18011124,TMAX,81,,,E,
ITE00100554,18011124,TMIN,31,,,E,
EZE00100082,18011125,TMAX,72,,,E,
EZE00100082,18011125,TMIN,29,,,E,
GM000010962,18011125,PRCP,18,,,E,
ITE00100554,18011125,TMAX,75,,,E,
ITE00100554,18011125,TMIN,50,,,E,
EZE00100082,18011126,TMAX,70,,,E,
EZE00100082,18011126,TMIN,33,,,E,
GM000010962,18011126,PRCP,0,,,E,
ITE00100554,18011126,TMAX,56,,,E,
ITE00100554,18011126,TMIN,25,,,E,
EZE00100082,18011127,TMAX,69,,,E,
EZE00100082,18011127,TMIN,38,,,E,
GM000010962,18011127,PRCP,23,,,E,
ITE00100554,18011127,TMAX,63,,,E,
ITE00100554,18011127,TMIN,50,,,E,
EZE00100082,18011128,TMAX,51,,,E,
EZE00100082,18011128,TMIN,23,,,E,
GM000010962,18011128,PRCP,15,,,E,
ITE00100554,18011128,TMAX,73,,,E,
ITE00100554,18011128,TMIN,58,,,E,
EZE00100082,18011129,TMAX,54,,,E,
EZE00100082,18011129,TMIN,22,,,E,
GM000010962,18011129,PRCP,10,,,E,
ITE00100554,18011129,TMAX,75,,,E,
ITE00100554,18011129,TMIN,16,,,E,
EZE00100082,18011130,TMAX,38,,,E,
EZE00100082,18011130,TMIN,1,,,E,
GM000010962,18011130,PRCP,0,,,E,
ITE00100554,18011130,TMAX,71,,,E,
ITE00100554,18011130,TMIN,38,,,E,
EZE00100082,18011201,TMAX,93,,,E,
EZE00100082,18011201,TMIN,32,,,E,
GM000010962,18011201,PRCP,0,,,E,
ITE00100554,18011201,TMAX,60,,,E,
ITE00100554,18011201,TMIN,6,,,E,
EZE00100082,18011202,TMAX,70,,,E,
EZE00100082,18011202,TMIN,50,,,E,
GM000010962,18011202,PRCP,34,,,E,
ITE00100554,18011202,TMAX,56,,I,E,
ITE00100554,18011202,TMIN,54,,,E,
EZE00100082,18011203,TMAX,56,,,E,
EZE00100082,18011203,TMIN,26,,,E,
GM000010962,18011203,PRCP,24,,,E,
ITE00100554,18011203,TMAX,106,,,E,
ITE00100554,18011203,TMIN,69,,I,E,
EZE00100082,18011204,TMAX,44,,,E,
EZE00100082,18011204,TMIN,14,,,E,
GM000010962,18011204,PRCP,28,,,E,
ITE00100554,18011204,TMAX,85,,,E,
ITE00100554,18011204,TMIN,23,,,E,
EZE00100082,18011205,TMAX,34,,,E,
EZE00100082,18011205,TMIN,-4,,,E,
GM000010962,18011205,PRCP,10,,,E,
ITE00100554,18011205,TMAX,66,,,E,
ITE00100554,18011205,TMIN,44,,,E,
EZE00100082,18011206,TMAX,76,,,E,
EZE00100082,18011206,TMIN,28,,,E,
GM000010962,18011206,PRCP,11,,,E,
ITE00100554,18011206,TMAX,46,,,E,
ITE00100554,18011206,TMIN,41,,,E,
EZE00100082,18011207,TMAX,65,,,E,
EZE00100082,18011207,TMIN,40,,,E,
GM000010962,18011207,PRCP,34,,,E,
ITE00100554,18011207,TMAX,109,,,E,
ITE00100554,18011207,TMIN,9,,,E,
EZE00100082,18011208,TMAX,52,,,E,
EZE00100082,18011208,TMIN,34,,,E,
GM000010962,18011208,PRCP,14,,,E,
ITE00100554,18011208,TMAX,50,,,E,
ITE00100554,18011208,TMIN,13,,,E,
EZE00100082,18011209,TMAX,74,,,E,
EZE00100082,18011209,TMIN,24,,,E,
GM000010962,18011209,PRCP,37,,,E,
ITE00100554,18011209,TMAX,50,,,E,
ITE00100554,18011209,TMIN,19,,,E,
EZE00100082,18011210,TMAX,113,,,E,
EZE00100082,18011210,TMIN,74,,,E,
GM000010962,18011210,PRCP,0,,,E,
ITE00100554,18011210,TMAX,63,,,E,
ITE00100554,18011210,TMIN,31,,,E,
EZE00100082,18011211,TMAX,82,,,E,
EZE00100082,18011211,TMIN,43,,,E,
GM000010962,18011211,PRCP,30,,,E,
ITE00100554,18011211,TMAX,73,,,E,
ITE00100554,18011211,TMIN,48,,,E,
EZE00100082,18011212,TMAX,64,,,E,
EZE00100082,18011212,TMIN,25,,,E,
GM000010962,18011212,PRCP,0,,,E,
ITE00100554,18011212,TMAX,71,,,E,
ITE00100554,18011212,TMIN,59,,,E,
EZE00100082,18011213,TMAX,46,,,E,
EZE00100082,18011213,TMIN,17,,,E,
GM000010962,18011213,PRCP,51,,,E,
ITE00100554,18011213,TMAX,63,,,E,
ITE00100554,18011213,TMIN,54,,,E,
EZE00100082,18011214,TMAX,26,,,E,
EZE00100082,18011214,TMIN,7,,,E,
GM000010962,18011214,PRCP,56,,,E,
ITE00100554,18011214,TMAX,63,,,E,
ITE00100554,18011214,TMIN,59,,,E,
EZE00100082,18011215,TMAX,28,,,E,
EZE00100082,18011215,TMIN,-14,,,E,
GM000010962,18011215,PRCP,71,,,E,
ITE00100554,18011215,TMAX,54,,,E,
ITE00100554,18011215,TMIN,48,,I,E,
EZE00100082,18011216,TMAX,25,,,E,
EZE00100082,18011216,TMIN,-15,,,E,
GM000010962,18011216,PRCP,0,,,E,
ITE00100554,18011216,TMAX,4,,I,E,
ITE00100554,18011216,TMIN,-4,,,E,
EZE00100082,18011217,TMAX,20,,,E,
EZE00100082,18011217,TMIN,-21,,,E,
GM000010962,18011217,PRCP,0,,,E,
ITE00100554,18011217,TMAX,19,,,E,
ITE00100554,18011217,TMIN,6,,,E,
EZE00100082,18011218,TMAX,-7,,,E,
EZE00100082,18011218,TMIN,-30,,,E,
GM000010962,18011218,PRCP,44,,,E,
ITE00100554,18011218,TMAX,41,,,E,
ITE00100554,18011218,TMIN,10,,,E,
EZE00100082,18011219,TMAX,1,,,E,
EZE00100082,18011219,TMIN,-29,,,E,
GM000010962,18011219,PRCP,0,,,E,
ITE00100554,18011219,TMAX,19,,,E,
ITE00100554,18011219,TMIN,10,,,E,
EZE00100082,18011220,TMAX,-12,,,E,
EZE00100082,18011220,TMIN,-47,,,E,
GM000010962,18011220,PRCP,0,,,E,
ITE00100554,18011220,TMAX,0,,,E,
ITE00100554,18011220,TMIN,-31,,,E,
EZE00100082,18011221,TMAX,-47,,,E,
EZE00100082,18011221,TMIN,-106,,,E,
GM000010962,18011221,PRCP,0,,,E,
ITE00100554,18011221,TMAX,-10,,,E,
ITE00100554,18011221,TMIN,-54,,,E,
EZE00100082,18011222,TMAX,-44,,,E,
EZE00100082,18011222,TMIN,-118,,,E,
GM000010962,18011222,PRCP,0,,,E,
ITE00100554,18011222,TMAX,-4,,,E,
ITE00100554,18011222,TMIN,-54,,,E,
EZE00100082,18011223,TMAX,-1,,,E,
EZE00100082,18011223,TMIN,-44,,,E,
GM000010962,18011223,PRCP,8,,,E,
ITE00100554,18011223,TMAX,0,,,E,
ITE00100554,18011223,TMIN,-48,,,E,
EZE00100082,18011224,TMAX,44,,,E,
EZE00100082,18011224,TMIN,-20,,,E,
GM000010962,18011224,PRCP,15,,,E,
ITE00100554,18011224,TMAX,13,,,E,
ITE00100554,18011224,TMIN,-4,,,E,
EZE00100082,18011225,TMAX,63,,,E,
EZE00100082,18011225,TMIN,38,,,E,
GM000010962,18011225,PRCP,0,,,E,
ITE00100554,18011225,TMAX,16,,,E,
ITE00100554,18011225,TMIN,-16,,,E,
EZE00100082,18011226,TMAX,44,,,E,
EZE00100082,18011226,TMIN,3,,,E,
GM000010962,18011226,PRCP,0,,,E,
ITE00100554,18011226,TMAX,29,,,E,
ITE00100554,18011226,TMIN,13,,,E,
EZE00100082,18011227,TMAX,46,,,E,
EZE00100082,18011227,TMIN,4,,,E,
GM000010962,18011227,PRCP,0,,,E,
ITE00100554,18011227,TMAX,19,,,E,
ITE00100554,18011227,TMIN,10,,,E,
EZE00100082,18011228,TMAX,46,,,E,
EZE00100082,18011228,TMIN,3,,,E,
GM000010962,18011228,PRCP,5,,,E,
ITE00100554,18011228,TMAX,19,,,E,
ITE00100554,18011228,TMIN,6,,,E,
EZE00100082,18011229,TMAX,47,,,E,
EZE00100082,18011229,TMIN,27,,,E,
GM000010962,18011229,PRCP,11,,,E,
ITE00100554,18011229,TMAX,6,,,E,
ITE00100554,18011229,TMIN,-6,,,E,
EZE00100082,18011230,TMAX,28,,,E,
EZE00100082,18011230,TMIN,6,,,E,
GM000010962,18011230,PRCP,195,,,E,
ITE00100554,18011230,TMAX,3,,I,E,
ITE00100554,18011230,TMIN,-6,,,E,
EZE00100082,18011231,TMAX,14,,,E,
EZE00100082,18011231,TMIN,-20,,,E,
GM000010962,18011231,PRCP,122,,,E,
ITE00100554,18011231,TMAX,44,,,E,
ITE00100554,18011231,TMIN,35,,I,E,
