EZE00100082,18020101,TMAX,-20,,,E,
EZE00100082,18020101,TMIN,-98,,,E,
GM000010962,18020101,PRCP,24,,,E,
ITE00100554,18020101,TMAX,25,,,E,
ITE00100554,18020101,TMIN,4,,,E,
ITE00105250,18020101,PRCP,37,,,E,
EZE00100082,18020102,TMAX,-88,,,E,
EZE00100082,18020102,TMIN,-114,,,E,
GM000010962,18020102,PRCP,0,,,E,
ITE00100554,18020102,TMAX,10,,,E,
ITE00100554,18020102,TMIN,6,,,E,
ITE00105250,18020102,PRCP,18,,,E,
EZE00100082,18020103,TMAX,-38,,,E,
EZE00100082,18020103,TMIN,-98,,,E,
GM000010962,18020103,PRCP,0,,,E,
ITE00100554,18020103,TMAX,10,,,E,
ITE00100554,18020103,TMIN,3,,,E,
ITE00105250,18020103,PRCP,0,,,E,
EZE00100082,18020104,TMAX,34,,,E,
EZE00100082,18020104,TMIN,-38,,,E,
GM000010962,18020104,PRCP,25,,,E,
ITE00100554,18020104,TMAX,19,,,E,
ITE00100554,18020104,TMIN,0,,,E,
ITE00105250,18020104,PRCP,9,,,E,
EZE00100082,18020105,TMAX,39,,,E,
EZE00100082,18020105,TMIN,-27,,,E,
GM000010962,18020105,PRCP,0,,,E,
ITE00100554,18020105,TMAX,0,,N,E,
ITE00100554,18020105,TMIN,0,,N,E,
ITE00105250,18020105,PRCP,81,,,E,
EZE00100082,18020106,TMAX,21,,,E,
EZE00100082,18020106,TMIN,-25,,,E,
GM000010962,18020106,PRCP,0,,,E,
ITE00100554,18020106,TMAX,38,,,E,
ITE00100554,18020106,TMIN,0,,,E,
ITE00105250,18020106,PRCP,0,,,E,
EZE00100082,18020107,TMAX,22,,,E,
EZE00100082,18020107,TMIN,14,,,E,
GM000010962,18020107,PRCP,0,,,E,
ITE00100554,18020107,TMAX,35,,,E,
ITE00100554,18020107,TMIN,16,,,E,
ITE00105250,18020107,PRCP,0,,,E,
EZE00100082,18020108,TMAX,29,,,E,
EZE00100082,18020108,TMIN,16,,,E,
GM000010962,18020108,PRCP,0,,,E,
ITE00100554,18020108,TMAX,50,,,E,
ITE00100554,18020108,TMIN,31,,,E,
ITE00105250,18020108,PRCP,7,,,E,
EZE00100082,18020109,TMAX,28,,,E,
EZE00100082,18020109,TMIN,-18,,,E,
GM000010962,18020109,PRCP,0,,,E,
ITE00100554,18020109,TMAX,85,,,E,
ITE00100554,18020109,TMIN,19,,,E,
ITE00105250,18020109,PRCP,92,,,E,
EZE00100082,18020110,TMAX,-5,,,E,
EZE00100082,18020110,TMIN,-18,,,E,
GM000010962,18020110,PRCP,0,,,E,
ITE00100554,18020110,TMAX,19,,,E,
ITE00100554,18020110,TMIN,-6,,,E,
ITE00105250,18020110,PRCP,0,,,E,
EZE00100082,18020111,TMAX,-2,,,E,
EZE00100082,18020111,TMIN,-60,,,E,
GM000010962,18020111,PRCP,0,,,E,
ITE00100554,18020111,TMAX,21,,,E,
ITE00100554,18020111,TMIN,19,,,E,
ITE00105250,18020111,PRCP,0,,,E,
EZE00100082,18020112,TMAX,-56,,,E,
EZE00100082,18020112,TMIN,-88,,,E,
GM000010962,18020112,PRCP,37,,,E,
ITE00100554,18020112,TMAX,38,,,E,
ITE00100554,18020112,TMIN,-9,,,E,
ITE00105250,18020112,PRCP,0,,,E,
EZE00100082,18020113,TMAX,-50,,,E,
EZE00100082,18020113,TMIN,-94,,,E,
GM000010962,18020113,PRCP,0,,,E,
ITE00100554,18020113,TMAX,13,,,E,
ITE00100554,18020113,TMIN,-4,,,E,
ITE00105250,18020113,PRCP,0,,,E,
EZE00100082,18020114,TMAX,-73,,,E,
EZE00100082,18020114,TMIN,-112,,,E,
GM000010962,18020114,PRCP,2,,,E,
ITE00100554,18020114,TMAX,6,,,E,
ITE00100554,18020114,TMIN,-9,,,E,
ITE00105250,18020114,PRCP,0,,,E,
EZE00100082,18020115,TMAX,-101,,,E,
EZE00100082,18020115,TMIN,-161,,,E,
GM000010962,18020115,PRCP,11,,,E,
ITE00100554,18020115,TMAX,-4,,,E,
ITE00100554,18020115,TMIN,-38,,,E,
ITE00105250,18020115,PRCP,14,,,E,
EZE00100082,18020116,TMAX,-123,,,E,
EZE00100082,18020116,TMIN,-175,,,E,
GM000010962,18020116,PRCP,0,,,E,
ITE00100554,18020116,TMAX,-21,,,E,
ITE00100554,18020116,TMIN,-50,,,E,
ITE00105250,18020116,PRCP,201,,,E,
EZE00100082,18020117,TMAX,-71,,,E,
EZE00100082,18020117,TMIN,-172,,,E,
GM000010962,18020117,PRCP,0,,,E,
ITE00100554,18020117,TMAX,-25,,,E,
ITE00100554,18020117,TMIN,-75,,,E,
ITE00105250,18020117,PRCP,14,,,E,
EZE00100082,18020118,TMAX,-13,,,E,
EZE00100082,18020118,TMIN,-71,,,E,
GM000010962,18020118,PRCP,0,,,E,
ITE00100554,18020118,TMAX,-19,,,E,
ITE00100554,18020118,TMIN,-85,,,E,
ITE00105250,18020118,PRCP,46,,,E,
EZE00100082,18020119,TMAX,22,,,E,
EZE00100082,18020119,TMIN,-39,,,E,
GM000010962,18020119,PRCP,21,,,E,
ITE00100554,18020119,TMAX,4,,,E,
ITE00100554,18020119,TMIN,-46,,,E,
ITE00105250,18020119,PRCP,81,,,E,
EZE00100082,18020120,TMAX,41,,,E,
EZE00100082,18020120,TMIN,18,,,E,
GM000010962,18020120,PRCP,17,,,E,
ITE00100554,18020120,TMAX,31,,,E,
ITE00100554,18020120,TMIN,-13,,,E,
ITE00105250,18020120,PRCP,21,,,E,
EZE00100082,18020121,TMAX,40,,,E,
EZE00100082,18020121,TMIN,23,,,E,
GM000010962,18020121,PRCP,19,,,E,
ITE00100554,18020121,TMAX,56,,,E,
ITE00100554,18020121,TMIN,-10,,,E,
ITE00105250,18020121,PRCP,0,,,E,
EZE00100082,18020122,TMAX,38,,,E,
EZE00100082,18020122,TMIN,20,,,E,
GM000010962,18020122,PRCP,16,,,E,
ITE00100554,18020122,TMAX,56,,,E,
ITE00100554,18020122,TMIN,6,,,E,
ITE00105250,18020122,PRCP,0,,,E,
EZE00100082,18020123,TMAX,22,,,E,
EZE00100082,18020123,TMIN,-53,,,E,
GM000010962,18020123,PRCP,18,,,E,
ITE00100554,18020123,TMAX,69,,,E,
ITE00100554,18020123,TMIN,38,,I,E,
ITE00105250,18020123,PRCP,104,,,E,
EZE00100082,18020124,TMAX,19,,,E,
EZE00100082,18020124,TMIN,-62,,,E,
GM000010962,18020124,PRCP,0,,,E,
ITE00100554,18020124,TMAX,25,,I,E,
ITE00100554,18020124,TMIN,-13,,,E,
ITE00105250,18020124,PRCP,0,,,E,
EZE00100082,18020125,TMAX,38,,,E,
EZE00100082,18020125,TMIN,-20,,,E,
GM000010962,18020125,PRCP,0,,,E,
ITE00100554,18020125,TMAX,66,,,E,
ITE00100554,18020125,TMIN,-29,,,E,
ITE00105250,18020125,PRCP,0,,,E,
EZE00100082,18020126,TMAX,26,,,E,
EZE00100082,18020126,TMIN,-34,,,E,
GM000010962,18020126,PRCP,0,,,E,
ITE00100554,18020126,TMAX,35,,,E,
ITE00100554,18020126,TMIN,-29,,,E,
ITE00105250,18020126,PRCP,0,,,E,
EZE00100082,18020127,TMAX,4,,,E,
EZE00100082,18020127,TMIN,-58,,,E,
GM000010962,18020127,PRCP,0,,,E,
ITE00100554,18020127,TMAX,35,,,E,
ITE00100554,18020127,TMIN,-23,,,E,
ITE00105250,18020127,PRCP,0,,,E,
EZE00100082,18020128,TMAX,30,,,E,
EZE00100082,18020128,TMIN,-21,,,E,
GM000010962,18020128,PRCP,0,,,E,
ITE00100554,18020128,TMAX,54,,,E,
ITE00100554,18020128,TMIN,-16,,,E,
ITE00105250,18020128,PRCP,0,,,E,
EZE00100082,18020129,TMAX,-3,,,E,
EZE00100082,18020129,TMIN,-50,,,E,
GM000010962,18020129,PRCP,0,,,E,
ITE00100554,18020129,TMAX,63,,,E,
ITE00100554,18020129,TMIN,-4,,,E,
ITE00105250,18020129,PRCP,0,,,E,
EZE00100082,18020130,TMAX,-16,,,E,
EZE00100082,18020130,TMIN,-62,,,E,
GM000010962,18020130,PRCP,0,,,E,
ITE00100554,18020130,TMAX,48,,,E,
ITE00100554,18020130,TMIN,-13,,,E,
ITE00105250,18020130,PRCP,0,,,E,
EZE00100082,18020131,TMAX,-39,,,E,
EZE00100082,18020131,TMIN,-62,,,E,
GM000010962,18020131,PRCP,0,,,E,
ITE00100554,18020131,TMAX,50,,,E,
ITE00100554,18020131,TMIN,-16,,,E,
ITE00105250,18020131,PRCP,0,,,E,
EZE00100082,18020201,TMAX,-35,,,E,
EZE00100082,18020201,TMIN,-70,,,E,
GM000010962,18020201,PRCP,0,,,E,
ITE00100554,18020201,TMAX,60,,,E,
ITE00100554,18020201,TMIN,-10,,,E,
ITE00105250,18020201,PRCP,0,,,E,
EZE00100082,18020202,TMAX,9,,,E,
EZE00100082,18020202,TMIN,-70,,,E,
GM000010962,18020202,PRCP,0,,,E,
ITE00100554,18020202,TMAX,60,,,E,
ITE00100554,18020202,TMIN,10,,,E,
ITE00105250,18020202,PRCP,0,,,E,
EZE00100082,18020203,TMAX,-27,,,E,
EZE00100082,18020203,TMIN,-61,,,E,
GM000010962,18020203,PRCP,0,,,E,
ITE00100554,18020203,TMAX,63,,,E,
ITE00100554,18020203,TMIN,0,,,E,
ITE00105250,18020203,PRCP,0,,,E,
EZE00100082,18020204,TMAX,-13,,,E,
EZE00100082,18020204,TMIN,-74,,,E,
GM000010962,18020204,PRCP,0,,,E,
ITE00100554,18020204,TMAX,60,,,E,
ITE00100554,18020204,TMIN,0,,,E,
ITE00105250,18020204,PRCP,0,,,E,
EZE00100082,18020205,TMAX,-18,,,E,
EZE00100082,18020205,TMIN,-67,,,E,
GM000010962,18020205,PRCP,0,,,E,
ITE00100554,18020205,TMAX,50,,,E,
ITE00100554,18020205,TMIN,-6,,,E,
ITE00105250,18020205,PRCP,25,,,E,
EZE00100082,18020206,TMAX,1,,,E,
EZE00100082,18020206,TMIN,-53,,,E,
GM000010962,18020206,PRCP,0,,,E,
ITE00100554,18020206,TMAX,48,,,E,
ITE00100554,18020206,TMIN,19,,,E,
ITE00105250,18020206,PRCP,3,,,E,
EZE00100082,18020207,TMAX,1,,,E,
EZE00100082,18020207,TMIN,-52,,,E,
GM000010962,18020207,PRCP,0,,,E,
ITE00100554,18020207,TMAX,29,,,E,
ITE00100554,18020207,TMIN,13,,,E,
ITE00105250,18020207,PRCP,18,,,E,
EZE00100082,18020208,TMAX,14,,,E,
EZE00100082,18020208,TMIN,-35,,,E,
GM000010962,18020208,PRCP,4,,,E,
ITE00100554,18020208,TMAX,75,,,E,
ITE00100554,18020208,TMIN,35,,,E,
ITE00105250,18020208,PRCP,0,,,E,
EZE00100082,18020209,TMAX,45,,,E,
EZE00100082,18020209,TMIN,-1,,,E,
GM000010962,18020209,PRCP,0,,,E,
ITE00100554,18020209,TMAX,75,,,E,
ITE00100554,18020209,TMIN,44,,,E,
ITE00105250,18020209,PRCP,63,,,E,
EZE00100082,18020210,TMAX,45,,,E,
EZE00100082,18020210,TMIN,-3,,,E,
GM000010962,18020210,PRCP,3,,,E,
ITE00100554,18020210,TMAX,56,,,E,
ITE00100554,18020210,TMIN,56,,,E,
ITE00105250,18020210,PRCP,0,,,E,
EZE00100082,18020211,TMAX,16,,,E,
EZE00100082,18020211,TMIN,-3,,,E,
GM000010962,18020211,PRCP,70,,,E,
ITE00100554,18020211,TMAX,56,,,E,
ITE00100554,18020211,TMIN,44,,,E,
ITE00105250,18020211,PRCP,132,,,E,
EZE00100082,18020212,TMAX,25,,,E,
EZE00100082,18020212,TMIN,10,,,E,
GM000010962,18020212,PRCP,69,,,E,
ITE00100554,18020212,TMAX,35,,,E,
ITE00100554,18020212,TMIN,31,,,E,
ITE00105250,18020212,PRCP,48,,,E,
EZE00100082,18020213,TMAX,21,,,E,
EZE00100082,18020213,TMIN,0,,,E,
GM000010962,18020213,PRCP,0,,,E,
ITE00100554,18020213,TMAX,50,,,E,
ITE00100554,18020213,TMIN,16,,,E,
ITE00105250,18020213,PRCP,0,,,E,
EZE00100082,18020214,TMAX,34,,,E,
EZE00100082,18020214,TMIN,-3,,,E,
GM000010962,18020214,PRCP,0,,,E,
ITE00100554,18020214,TMAX,56,,,E,
ITE00100554,18020214,TMIN,19,,,E,
ITE00105250,18020214,PRCP,0,,,E,
EZE00100082,18020215,TMAX,38,,,E,
EZE00100082,18020215,TMIN,1,,,E,
GM000010962,18020215,PRCP,0,,,E,
ITE00100554,18020215,TMAX,31,,,E,
ITE00100554,18020215,TMIN,31,,,E,
ITE00105250,18020215,PRCP,88,,,E,
EZE00100082,18020216,TMAX,32,,,E,
EZE00100082,18020216,TMIN,5,,,E,
GM000010962,18020216,PRCP,30,,,E,
ITE00100554,18020216,TMAX,54,,,E,
ITE00100554,18020216,TMIN,31,,,E,
ITE00105250,18020216,PRCP,113,,,E,
EZE00100082,18020217,TMAX,22,,,E,
EZE00100082,18020217,TMIN,-7,,,E,
GM000010962,18020217,PRCP,8,,,E,
ITE00100554,18020217,TMAX,66,,,E,
ITE00100554,18020217,TMIN,25,,,E,
ITE00105250,18020217,PRCP,39,,,E,
EZE00100082,18020218,TMAX,17,,,E,
EZE00100082,18020218,TMIN,-18,,,E,
GM000010962,18020218,PRCP,0,,,E,
ITE00100554,18020218,TMAX,63,,,E,
ITE00100554,18020218,TMIN,10,,,E,
ITE00105250,18020218,PRCP,81,,,E,
EZE00100082,18020219,TMAX,12,,,E,
EZE00100082,18020219,TMIN,-28,,,E,
GM000010962,18020219,PRCP,0,,,E,
ITE00100554,18020219,TMAX,60,,,E,
ITE00100554,18020219,TMIN,4,,,E,
ITE00105250,18020219,PRCP,109,,,E,
EZE00100082,18020220,TMAX,-4,,,E,
EZE00100082,18020220,TMIN,-71,,,E,
GM000010962,18020220,PRCP,4,,,E,
ITE00100554,18020220,TMAX,56,,,E,
ITE00100554,18020220,TMIN,19,,,E,
ITE00105250,18020220,PRCP,0,,,E,
EZE00100082,18020221,TMAX,52,,,E,
EZE00100082,18020221,TMIN,-31,,,E,
GM000010962,18020221,PRCP,3,,,E,
ITE00100554,18020221,TMAX,63,,,E,
ITE00100554,18020221,TMIN,6,,,E,
ITE00105250,18020221,PRCP,92,,,E,
EZE00100082,18020222,TMAX,71,,,E,
EZE00100082,18020222,TMIN,24,,,E,
GM000010962,18020222,PRCP,32,,,E,
ITE00100554,18020222,TMAX,113,,,E,
ITE00100554,18020222,TMIN,35,,,E,
ITE00105250,18020222,PRCP,0,,,E,
EZE00100082,18020223,TMAX,41,,,E,
EZE00100082,18020223,TMIN,15,,,E,
GM000010962,18020223,PRCP,30,,,E,
ITE00100554,18020223,TMAX,163,,,E,
ITE00100554,18020223,TMIN,100,,,E,
ITE00105250,18020223,PRCP,0,,,E,
EZE00100082,18020224,TMAX,58,,,E,
EZE00100082,18020224,TMIN,13,,,E,
GM000010962,18020224,PRCP,12,,,E,
ITE00100554,18020224,TMAX,125,,,E,
ITE00100554,18020224,TMIN,50,,,E,
ITE00105250,18020224,PRCP,0,,,E,
EZE00100082,18020225,TMAX,63,,,E,
EZE00100082,18020225,TMIN,17,,,E,
GM000010962,18020225,PRCP,0,,,E,
ITE00100554,18020225,TMAX,60,,,E,
ITE00100554,18020225,TMIN,53,,,E,
ITE00105250,18020225,PRCP,0,,,E,
EZE00100082,18020226,TMAX,31,,,E,
EZE00100082,18020226,TMIN,9,,,E,
GM000010962,18020226,PRCP,56,,,E,
ITE00100554,18020226,TMAX,79,,,E,
ITE00100554,18020226,TMIN,50,,,E,
ITE00105250,18020226,PRCP,0,,,E,
EZE00100082,18020227,TMAX,26,,,E,
EZE00100082,18020227,TMIN,-14,,,E,
GM000010962,18020227,PRCP,0,,,E,
ITE00100554,18020227,TMAX,100,,,E,
ITE00100554,18020227,TMIN,73,,,E,
ITE00105250,18020227,PRCP,0,,,E,
EZE00100082,18020228,TMAX,21,,,E,
EZE00100082,18020228,TMIN,-28,,,E,
GM000010962,18020228,PRCP,0,,,E,
ITE00100554,18020228,TMAX,113,,,E,
ITE00100554,18020228,TMIN,81,,,E,
ITE00105250,18020228,PRCP,0,,,E,
EZE00100082,18020301,TMAX,27,,,E,
EZE00100082,18020301,TMIN,8,,,E,
GM000010962,18020301,PRCP,0,,,E,
ITE00100554,18020301,TMAX,106,,,E,
ITE00100554,18020301,TMIN,81,,,E,
ITE00105250,18020301,PRCP,0,,,E,
EZE00100082,18020302,TMAX,42,,,E,
EZE00100082,18020302,TMIN,-1,,,E,
GM000010962,18020302,PRCP,0,,,E,
ITE00100554,18020302,TMAX,94,,,E,
ITE00100554,18020302,TMIN,79,,,E,
ITE00105250,18020302,PRCP,14,,,E,
EZE00100082,18020303,TMAX,32,,,E,
EZE00100082,18020303,TMIN,-7,,,E,
GM000010962,18020303,PRCP,0,,,E,
ITE00100554,18020303,TMAX,100,,,E,
ITE00100554,18020303,TMIN,85,,,E,
ITE00105250,18020303,PRCP,7,,,E,
EZE00100082,18020304,TMAX,20,,,E,
EZE00100082,18020304,TMIN,-12,,,E,
GM000010962,18020304,PRCP,0,,,E,
ITE00100554,18020304,TMAX,94,,,E,
ITE00100554,18020304,TMIN,79,,,E,
ITE00105250,18020304,PRCP,0,,,E,
EZE00100082,18020305,TMAX,39,,,E,
EZE00100082,18020305,TMIN,0,,,E,
GM000010962,18020305,PRCP,0,,,E,
ITE00100554,18020305,TMAX,113,,,E,
ITE00100554,18020305,TMIN,79,,,E,
ITE00105250,18020305,PRCP,0,,,E,
EZE00100082,18020306,TMAX,30,,,E,
EZE00100082,18020306,TMIN,13,,,E,
GM000010962,18020306,PRCP,0,,,E,
ITE00100554,18020306,TMAX,113,,,E,
ITE00100554,18020306,TMIN,81,,,E,
ITE00105250,18020306,PRCP,0,,,E,
EZE00100082,18020307,TMAX,46,,,E,
EZE00100082,18020307,TMIN,-18,,,E,
GM000010962,18020307,PRCP,0,,,E,
ITE00100554,18020307,TMAX,138,,,E,
ITE00100554,18020307,TMIN,91,,,E,
ITE00105250,18020307,PRCP,0,,,E,
EZE00100082,18020308,TMAX,44,,,E,
EZE00100082,18020308,TMIN,10,,,E,
GM000010962,18020308,PRCP,0,,,E,
ITE00100554,18020308,TMAX,106,,,E,
ITE00100554,18020308,TMIN,94,,,E,
ITE00105250,18020308,PRCP,0,,,E,
EZE00100082,18020309,TMAX,35,,,E,
EZE00100082,18020309,TMIN,13,,,E,
GM000010962,18020309,PRCP,0,,,E,
ITE00100554,18020309,TMAX,106,,,E,
ITE00100554,18020309,TMIN,66,,,E,
ITE00105250,18020309,PRCP,0,,,E,
EZE00100082,18020310,TMAX,38,,,E,
EZE00100082,18020310,TMIN,14,,,E,
GM000010962,18020310,PRCP,13,,,E,
ITE00100554,18020310,TMAX,104,,,E,
ITE00100554,18020310,TMIN,44,,,E,
ITE00105250,18020310,PRCP,0,,,E,
EZE00100082,18020311,TMAX,85,,,E,
EZE00100082,18020311,TMIN,14,,,E,
GM000010962,18020311,PRCP,0,,,E,
ITE00100554,18020311,TMAX,113,,,E,
ITE00100554,18020311,TMIN,66,,,E,
ITE00105250,18020311,PRCP,0,,,E,
EZE00100082,18020312,TMAX,102,,,E,
EZE00100082,18020312,TMIN,2,,,E,
GM000010962,18020312,PRCP,0,,,E,
ITE00100554,18020312,TMAX,110,,,E,
ITE00100554,18020312,TMIN,54,,,E,
ITE00105250,18020312,PRCP,0,,,E,
EZE00100082,18020313,TMAX,72,,,E,
EZE00100082,18020313,TMIN,13,,,E,
GM000010962,18020313,PRCP,0,,,E,
ITE00100554,18020313,TMAX,110,,,E,
ITE00100554,18020313,TMIN,60,,,E,
ITE00105250,18020313,PRCP,106,,,E,
EZE00100082,18020314,TMAX,44,,,E,
EZE00100082,18020314,TMIN,1,,,E,
GM000010962,18020314,PRCP,31,,,E,
ITE00100554,18020314,TMAX,54,,,E,
ITE00100554,18020314,TMIN,44,,,E,
ITE00105250,18020314,PRCP,12,,,E,
EZE00100082,18020315,TMAX,31,,,E,
EZE00100082,18020315,TMIN,-23,,,E,
GM000010962,18020315,PRCP,13,,,E,
ITE00100554,18020315,TMAX,66,,,E,
ITE00100554,18020315,TMIN,31,,,E,
ITE00105250,18020315,PRCP,0,,,E,
EZE00100082,18020316,TMAX,28,,,E,
EZE00100082,18020316,TMIN,-43,,,E,
GM000010962,18020316,PRCP,0,,,E,
ITE00100554,18020316,TMAX,113,,,E,
ITE00100554,18020316,TMIN,41,,,E,
ITE00105250,18020316,PRCP,76,,,E,
EZE00100082,18020317,TMAX,30,,,E,
EZE00100082,18020317,TMIN,-36,,,E,
GM000010962,18020317,PRCP,0,,,E,
ITE00100554,18020317,TMAX,91,,,E,
ITE00100554,18020317,TMIN,44,,,E,
ITE00105250,18020317,PRCP,72,,,E,
EZE00100082,18020318,TMAX,74,,,E,
EZE00100082,18020318,TMIN,-6,,,E,
GM000010962,18020318,PRCP,0,,,E,
ITE00100554,18020318,TMAX,98,,,E,
ITE00100554,18020318,TMIN,25,,,E,
ITE00105250,18020318,PRCP,5,,,E,
EZE00100082,18020319,TMAX,109,,,E,
EZE00100082,18020319,TMIN,1,,,E,
GM000010962,18020319,PRCP,0,,,E,
ITE00100554,18020319,TMAX,100,,,E,
ITE00100554,18020319,TMIN,41,,,E,
ITE00105250,18020319,PRCP,0,,,E,
EZE00100082,18020320,TMAX,118,,,E,
EZE00100082,18020320,TMIN,13,,,E,
GM000010962,18020320,PRCP,0,,,E,
ITE00100554,18020320,TMAX,141,,,E,
ITE00100554,18020320,TMIN,46,,,E,
ITE00105250,18020320,PRCP,0,,,E,
EZE00100082,18020321,TMAX,145,,,E,
EZE00100082,18020321,TMIN,44,,,E,
GM000010962,18020321,PRCP,0,,,E,
ITE00100554,18020321,TMAX,106,,,E,
ITE00100554,18020321,TMIN,94,,,E,
ITE00105250,18020321,PRCP,0,,,E,
EZE00100082,18020322,TMAX,146,,,E,
EZE00100082,18020322,TMIN,66,,,E,
GM000010962,18020322,PRCP,0,,,E,
ITE00100554,18020322,TMAX,98,,,E,
ITE00100554,18020322,TMIN,88,,,E,
ITE00105250,18020322,PRCP,0,,,E,
EZE00100082,18020323,TMAX,81,,,E,
EZE00100082,18020323,TMIN,38,,,E,
GM000010962,18020323,PRCP,0,,,E,
ITE00100554,18020323,TMAX,131,,,E,
ITE00100554,18020323,TMIN,54,,,E,
ITE00105250,18020323,PRCP,0,,,E,
EZE00100082,18020324,TMAX,72,,,E,
EZE00100082,18020324,TMIN,34,,,E,
GM000010962,18020324,PRCP,16,,,E,
ITE00100554,18020324,TMAX,138,,,E,
ITE00100554,18020324,TMIN,54,,,E,
ITE00105250,18020324,PRCP,0,,,E,
EZE00100082,18020325,TMAX,108,,,E,
EZE00100082,18020325,TMIN,25,,,E,
GM000010962,18020325,PRCP,0,,,E,
ITE00100554,18020325,TMAX,138,,,E,
ITE00100554,18020325,TMIN,63,,,E,
ITE00105250,18020325,PRCP,32,,,E,
EZE00100082,18020326,TMAX,132,,,E,
EZE00100082,18020326,TMIN,55,,,E,
GM000010962,18020326,PRCP,0,,,E,
ITE00100554,18020326,TMAX,138,,,E,
ITE00100554,18020326,TMIN,66,,,E,
ITE00105250,18020326,PRCP,0,,,E,
EZE00100082,18020327,TMAX,135,,,E,
EZE00100082,18020327,TMIN,58,,,E,
GM000010962,18020327,PRCP,0,,,E,
ITE00100554,18020327,TMAX,154,,,E,
ITE00100554,18020327,TMIN,73,,,E,
ITE00105250,18020327,PRCP,0,,,E,
EZE00100082,18020328,TMAX,153,,,E,
EZE00100082,18020328,TMIN,36,,,E,
GM000010962,18020328,PRCP,0,,,E,
ITE00100554,18020328,TMAX,156,,,E,
ITE00100554,18020328,TMIN,100,,,E,
ITE00105250,18020328,PRCP,0,,,E,
EZE00100082,18020329,TMAX,163,,,E,
EZE00100082,18020329,TMIN,54,,,E,
GM000010962,18020329,PRCP,0,,,E,
ITE00100554,18020329,TMAX,169,,,E,
ITE00100554,18020329,TMIN,85,,,E,
ITE00105250,18020329,PRCP,0,,,E,
EZE00100082,18020330,TMAX,77,,,E,
EZE00100082,18020330,TMIN,33,,,E,
GM000010962,18020330,PRCP,73,,,E,
ITE00100554,18020330,TMAX,100,,,E,
ITE00100554,18020330,TMIN,94,,,E,
ITE00105250,18020330,PRCP,0,,,E,
EZE00100082,18020331,TMAX,53,,,E,
EZE00100082,18020331,TMIN,6,,,E,
GM000010962,18020331,PRCP,25,,,E,
ITE00100554,18020331,TMAX,119,,,E,
ITE00100554,18020331,TMIN,81,,,E,
ITE00105250,18020331,PRCP,0,,,E,
EZE00100082,18020401,TMAX,96,,,E,
EZE00100082,18020401,TMIN,-16,,,E,
GM000010962,18020401,PRCP,0,,,E,
ITE00100554,18020401,TMAX,125,,,E,
ITE00100554,18020401,TMIN,81,,,E,
ITE00105250,18020401,PRCP,0,,,E,
EZE00100082,18020402,TMAX,141,,,E,
EZE00100082,18020402,TMIN,14,,,E,
GM000010962,18020402,PRCP,0,,,E,
ITE00100554,18020402,TMAX,125,,,E,
ITE00100554,18020402,TMIN,56,,,E,
ITE00105250,18020402,PRCP,0,,,E,
EZE00100082,18020403,TMAX,140,,,E,
EZE00100082,18020403,TMIN,40,,,E,
GM000010962,18020403,PRCP,0,,,E,
ITE00100554,18020403,TMAX,125,,,E,
ITE00100554,18020403,TMIN,79,,,E,
ITE00105250,18020403,PRCP,58,,,E,
EZE00100082,18020404,TMAX,154,,,E,
EZE00100082,18020404,TMIN,32,,,E,
GM000010962,18020404,PRCP,0,,,E,
ITE00100554,18020404,TMAX,135,,,E,
ITE00100554,18020404,TMIN,76,,,E,
ITE00105250,18020404,PRCP,0,,,E,
EZE00100082,18020405,TMAX,175,,,E,
EZE00100082,18020405,TMIN,49,,,E,
GM000010962,18020405,PRCP,17,,,E,
ITE00100554,18020405,TMAX,154,,,E,
ITE00100554,18020405,TMIN,69,,,E,
ITE00105250,18020405,PRCP,0,,,E,
EZE00100082,18020406,TMAX,175,,,E,
EZE00100082,18020406,TMIN,40,,,E,
GM000010962,18020406,PRCP,14,,,E,
ITE00100554,18020406,TMAX,163,,,E,
ITE00100554,18020406,TMIN,91,,,E,
ITE00105250,18020406,PRCP,0,,,E,
EZE00100082,18020407,TMAX,130,,,E,
EZE00100082,18020407,TMIN,68,,,E,
GM000010962,18020407,PRCP,92,,,E,
ITE00100554,18020407,TMAX,173,,,E,
ITE00100554,18020407,TMIN,94,,,E,
ITE00105250,18020407,PRCP,0,,,E,
EZE00100082,18020408,TMAX,151,,,E,
EZE00100082,18020408,TMIN,68,,,E,
GM000010962,18020408,PRCP,0,,,E,
ITE00100554,18020408,TMAX,179,,,E,
ITE00100554,18020408,TMIN,104,,,E,
ITE00105250,18020408,PRCP,0,,,E,
EZE00100082,18020409,TMAX,175,,,E,
EZE00100082,18020409,TMIN,94,,,E,
GM000010962,18020409,PRCP,0,,,E,
ITE00100554,18020409,TMAX,179,,,E,
ITE00100554,18020409,TMIN,91,,,E,
ITE00105250,18020409,PRCP,0,,,E,
EZE00100082,18020410,TMAX,140,,,E,
EZE00100082,18020410,TMIN,64,,,E,
GM000010962,18020410,PRCP,0,,,E,
ITE00100554,18020410,TMAX,204,,,E,
ITE00100554,18020410,TMIN,104,,,E,
ITE00105250,18020410,PRCP,0,,,E,
EZE00100082,18020411,TMAX,160,,,E,
EZE00100082,18020411,TMIN,76,,,E,
GM000010962,18020411,PRCP,0,,,E,
ITE00100554,18020411,TMAX,198,,,E,
ITE00100554,18020411,TMIN,116,,,E,
ITE00105250,18020411,PRCP,0,,,E,
EZE00100082,18020412,TMAX,116,,,E,
EZE00100082,18020412,TMIN,50,,,E,
GM000010962,18020412,PRCP,0,,,E,
ITE00100554,18020412,TMAX,188,,,E,
ITE00100554,18020412,TMIN,123,,I,E,
ITE00105250,18020412,PRCP,0,,,E,
EZE00100082,18020413,TMAX,85,,,E,
EZE00100082,18020413,TMIN,33,,,E,
GM000010962,18020413,PRCP,42,,,E,
ITE00100554,18020413,TMAX,106,,I,E,
ITE00100554,18020413,TMIN,96,,,E,
ITE00105250,18020413,PRCP,0,,,E,
EZE00100082,18020414,TMAX,63,,,E,
EZE00100082,18020414,TMIN,18,,,E,
GM000010962,18020414,PRCP,29,,,E,
ITE00100554,18020414,TMAX,116,,,E,
ITE00100554,18020414,TMIN,54,,,E,
ITE00105250,18020414,PRCP,0,,,E,
EZE00100082,18020415,TMAX,52,,,E,
EZE00100082,18020415,TMIN,5,,,E,
GM000010962,18020415,PRCP,34,,,E,
ITE00100554,18020415,TMAX,138,,,E,
ITE00100554,18020415,TMIN,54,,,E,
ITE00105250,18020415,PRCP,60,,,E,
EZE00100082,18020416,TMAX,80,,,E,
EZE00100082,18020416,TMIN,-5,,,E,
GM000010962,18020416,PRCP,11,,,E,
ITE00100554,18020416,TMAX,154,,,E,
ITE00100554,18020416,TMIN,91,,,E,
ITE00105250,18020416,PRCP,0,,,E,
EZE00100082,18020417,TMAX,105,,,E,
EZE00100082,18020417,TMIN,5,,,E,
GM000010962,18020417,PRCP,0,,,E,
ITE00100554,18020417,TMAX,129,,,E,
ITE00100554,18020417,TMIN,94,,,E,
ITE00105250,18020417,PRCP,0,,,E,
EZE00100082,18020418,TMAX,89,,,E,
EZE00100082,18020418,TMIN,40,,,E,
GM000010962,18020418,PRCP,59,,,E,
ITE00100554,18020418,TMAX,150,,,E,
ITE00100554,18020418,TMIN,81,,,E,
ITE00105250,18020418,PRCP,0,,,E,
EZE00100082,18020419,TMAX,122,,,E,
EZE00100082,18020419,TMIN,23,,,E,
GM000010962,18020419,PRCP,0,,,E,
ITE00100554,18020419,TMAX,150,,,E,
ITE00100554,18020419,TMIN,81,,,E,
ITE00105250,18020419,PRCP,0,,,E,
EZE00100082,18020420,TMAX,155,,,E,
EZE00100082,18020420,TMIN,47,,,E,
GM000010962,18020420,PRCP,0,,,E,
ITE00100554,18020420,TMAX,169,,,E,
ITE00100554,18020420,TMIN,75,,,E,
ITE00105250,18020420,PRCP,84,,,E,
EZE00100082,18020421,TMAX,135,,,E,
EZE00100082,18020421,TMIN,71,,,E,
GM000010962,18020421,PRCP,0,,,E,
ITE00100554,18020421,TMAX,181,,,E,
ITE00100554,18020421,TMIN,94,,,E,
ITE00105250,18020421,PRCP,0,,,E,
EZE00100082,18020422,TMAX,167,,,E,
EZE00100082,18020422,TMIN,73,,,E,
GM000010962,18020422,PRCP,0,,,E,
ITE00100554,18020422,TMAX,204,,,E,
ITE00100554,18020422,TMIN,116,,,E,
ITE00105250,18020422,PRCP,0,,,E,
EZE00100082,18020423,TMAX,190,,,E,
EZE00100082,18020423,TMIN,78,,,E,
GM000010962,18020423,PRCP,0,,,E,
ITE00100554,18020423,TMAX,204,,,E,
ITE00100554,18020423,TMIN,141,,,E,
ITE00105250,18020423,PRCP,0,,,E,
EZE00100082,18020424,TMAX,186,,,E,
EZE00100082,18020424,TMIN,108,,,E,
GM000010962,18020424,PRCP,0,,,E,
ITE00100554,18020424,TMAX,181,,,E,
ITE00100554,18020424,TMIN,154,,,E,
ITE00105250,18020424,PRCP,81,,,E,
EZE00100082,18020425,TMAX,193,,,E,
EZE00100082,18020425,TMIN,96,,,E,
GM000010962,18020425,PRCP,17,,,E,
ITE00100554,18020425,TMAX,204,,,E,
ITE00100554,18020425,TMIN,154,,,E,
ITE00105250,18020425,PRCP,21,,,E,
EZE00100082,18020426,TMAX,210,,,E,
EZE00100082,18020426,TMIN,90,,,E,
GM000010962,18020426,PRCP,0,,,E,
ITE00100554,18020426,TMAX,213,,,E,
ITE00100554,18020426,TMIN,141,,,E,
ITE00105250,18020426,PRCP,0,,,E,
EZE00100082,18020427,TMAX,232,,,E,
EZE00100082,18020427,TMIN,102,,,E,
GM000010962,18020427,PRCP,0,,,E,
ITE00100554,18020427,TMAX,219,,,E,
ITE00100554,18020427,TMIN,156,,,E,
ITE00105250,18020427,PRCP,0,,,E,
EZE00100082,18020428,TMAX,241,,,E,
EZE00100082,18020428,TMIN,117,,,E,
GM000010962,18020428,PRCP,0,,,E,
ITE00100554,18020428,TMAX,219,,,E,
ITE00100554,18020428,TMIN,134,,,E,
ITE00105250,18020428,PRCP,0,,,E,
EZE00100082,18020429,TMAX,253,,,E,
EZE00100082,18020429,TMIN,114,,,E,
GM000010962,18020429,PRCP,0,,,E,
ITE00100554,18020429,TMAX,219,,,E,
ITE00100554,18020429,TMIN,144,,,E,
ITE00105250,18020429,PRCP,0,,,E,
EZE00100082,18020430,TMAX,250,,,E,
EZE00100082,18020430,TMIN,133,,,E,
GM000010962,18020430,PRCP,0,,,E,
ITE00100554,18020430,TMAX,241,,,E,
ITE00100554,18020430,TMIN,144,,,E,
ITE00105250,18020430,PRCP,0,,,E,
EZE00100082,18020501,TMAX,195,,,E,
EZE00100082,18020501,TMIN,122,,,E,
GM000010962,18020501,PRCP,0,,,E,
ITE00100554,18020501,TMAX,244,,,E,
ITE00100554,18020501,TMIN,154,,,E,
ITE00105250,18020501,PRCP,0,,,E,
EZE00100082,18020502,TMAX,205,,,E,
EZE00100082,18020502,TMIN,90,,,E,
GM000010962,18020502,PRCP,0,,,E,
ITE00100554,18020502,TMAX,225,,,E,
ITE00100554,18020502,TMIN,150,,,E,
ITE00105250,18020502,PRCP,0,,,E,
EZE00100082,18020503,TMAX,211,,,E,
EZE00100082,18020503,TMIN,86,,,E,
GM000010962,18020503,PRCP,36,,,E,
ITE00100554,18020503,TMAX,213,,,E,
ITE00100554,18020503,TMIN,156,,,E,
ITE00105250,18020503,PRCP,0,,,E,
EZE00100082,18020504,TMAX,173,,,E,
EZE00100082,18020504,TMIN,101,,,E,
GM000010962,18020504,PRCP,2,,,E,
ITE00100554,18020504,TMAX,200,,,E,
ITE00100554,18020504,TMIN,148,,,E,
ITE00105250,18020504,PRCP,0,,,E,
EZE00100082,18020505,TMAX,121,,,E,
EZE00100082,18020505,TMIN,68,,,E,
GM000010962,18020505,PRCP,0,,,E,
ITE00100554,18020505,TMAX,238,,,E,
ITE00100554,18020505,TMIN,135,,,E,
ITE00105250,18020505,PRCP,0,,,E,
EZE00100082,18020506,TMAX,160,,,E,
EZE00100082,18020506,TMIN,48,,,E,
GM000010962,18020506,PRCP,0,,,E,
ITE00100554,18020506,TMAX,204,,,E,
ITE00100554,18020506,TMIN,156,,,E,
ITE00105250,18020506,PRCP,0,,,E,
EZE00100082,18020507,TMAX,152,,,E,
EZE00100082,18020507,TMIN,99,,,E,
GM000010962,18020507,PRCP,0,,,E,
ITE00100554,18020507,TMAX,204,,,E,
ITE00100554,18020507,TMIN,146,,,E,
ITE00105250,18020507,PRCP,0,,,E,
EZE00100082,18020508,TMAX,199,,,E,
EZE00100082,18020508,TMIN,61,,,E,
GM000010962,18020508,PRCP,0,,,E,
ITE00100554,18020508,TMAX,213,,,E,
ITE00100554,18020508,TMIN,150,,,E,
ITE00105250,18020508,PRCP,0,,,E,
EZE00100082,18020509,TMAX,231,,,E,
EZE00100082,18020509,TMIN,98,,,E,
GM000010962,18020509,PRCP,0,,,E,
ITE00100554,18020509,TMAX,213,,,E,
ITE00100554,18020509,TMIN,148,,,E,
ITE00105250,18020509,PRCP,0,,,E,
EZE00100082,18020510,TMAX,196,,,E,
EZE00100082,18020510,TMIN,116,,,E,
GM000010962,18020510,PRCP,0,,,E,
ITE00100554,18020510,TMAX,235,,,E,
ITE00100554,18020510,TMIN,154,,,E,
ITE00105250,18020510,PRCP,0,,,E,
EZE00100082,18020511,TMAX,186,,,E,
EZE00100082,18020511,TMIN,93,,,E,
GM000010962,18020511,PRCP,6,,,E,
ITE00100554,18020511,TMAX,241,,,E,
ITE00100554,18020511,TMIN,150,,,E,
ITE00105250,18020511,PRCP,0,,,E,
EZE00100082,18020512,TMAX,225,,,E,
EZE00100082,18020512,TMIN,111,,,E,
GM000010962,18020512,PRCP,5,,,E,
ITE00100554,18020512,TMAX,238,,,E,
ITE00100554,18020512,TMIN,160,,,E,
ITE00105250,18020512,PRCP,0,,,E,
EZE00100082,18020513,TMAX,209,,,E,
EZE00100082,18020513,TMIN,115,,,E,
GM000010962,18020513,PRCP,58,,,E,
ITE00100554,18020513,TMAX,238,,,E,
ITE00100554,18020513,TMIN,160,,,E,
ITE00105250,18020513,PRCP,0,,,E,
EZE00100082,18020514,TMAX,172,,,E,
EZE00100082,18020514,TMIN,110,,,E,
GM000010962,18020514,PRCP,7,,,E,
ITE00100554,18020514,TMAX,185,,,E,
ITE00100554,18020514,TMIN,163,,I,E,
ITE00105250,18020514,PRCP,0,,,E,
EZE00100082,18020515,TMAX,110,,,E,
EZE00100082,18020515,TMIN,36,,,E,
GM000010962,18020515,PRCP,230,,,E,
ITE00100554,18020515,TMAX,138,,I,E,
ITE00100554,18020515,TMIN,135,,I,E,
ITE00105250,18020515,PRCP,0,,,E,
EZE00100082,18020516,TMAX,64,,,E,
EZE00100082,18020516,TMIN,30,,,E,
GM000010962,18020516,PRCP,137,,,E,
ITE00100554,18020516,TMAX,110,,I,E,
ITE00100554,18020516,TMIN,98,,,E,
ITE00105250,18020516,PRCP,0,,,E,
EZE00100082,18020517,TMAX,101,,,E,
EZE00100082,18020517,TMIN,37,,,E,
GM000010962,18020517,PRCP,14,,,E,
ITE00100554,18020517,TMAX,156,,,E,
ITE00100554,18020517,TMIN,85,,,E,
ITE00105250,18020517,PRCP,0,,,E,
EZE00100082,18020518,TMAX,110,,,E,
EZE00100082,18020518,TMIN,56,,,E,
GM000010962,18020518,PRCP,13,,,E,
ITE00100554,18020518,TMAX,150,,,E,
ITE00100554,18020518,TMIN,85,,,E,
ITE00105250,18020518,PRCP,0,,,E,
EZE00100082,18020519,TMAX,130,,,E,
EZE00100082,18020519,TMIN,52,,,E,
GM000010962,18020519,PRCP,5,,,E,
ITE00100554,18020519,TMAX,160,,,E,
ITE00100554,18020519,TMIN,73,,,E,
ITE00105250,18020519,PRCP,51,,,E,
EZE00100082,18020520,TMAX,165,,,E,
EZE00100082,18020520,TMIN,87,,,E,
GM000010962,18020520,PRCP,0,,,E,
ITE00100554,18020520,TMAX,181,,,E,
ITE00100554,18020520,TMIN,110,,,E,
ITE00105250,18020520,PRCP,0,,,E,
EZE00100082,18020521,TMAX,191,,,E,
EZE00100082,18020521,TMIN,105,,,E,
GM000010962,18020521,PRCP,0,,,E,
ITE00100554,18020521,TMAX,213,,,E,
ITE00100554,18020521,TMIN,119,,,E,
ITE00105250,18020521,PRCP,0,,,E,
EZE00100082,18020522,TMAX,158,,,E,
EZE00100082,18020522,TMIN,85,,,E,
GM000010962,18020522,PRCP,0,,,E,
ITE00100554,18020522,TMAX,238,,,E,
ITE00100554,18020522,TMIN,148,,,E,
ITE00105250,18020522,PRCP,0,,,E,
EZE00100082,18020523,TMAX,167,,,E,
EZE00100082,18020523,TMIN,82,,,E,
GM000010962,18020523,PRCP,0,,,E,
ITE00100554,18020523,TMAX,225,,,E,
ITE00100554,18020523,TMIN,150,,,E,
ITE00105250,18020523,PRCP,0,,,E,
EZE00100082,18020524,TMAX,173,,,E,
EZE00100082,18020524,TMIN,97,,,E,
GM000010962,18020524,PRCP,0,,,E,
ITE00100554,18020524,TMAX,206,,,E,
ITE00100554,18020524,TMIN,159,,,E,
ITE00105250,18020524,PRCP,0,,,E,
EZE00100082,18020525,TMAX,208,,,E,
EZE00100082,18020525,TMIN,112,,,E,
GM000010962,18020525,PRCP,0,,,E,
ITE00100554,18020525,TMAX,219,,,E,
ITE00100554,18020525,TMIN,159,,,E,
ITE00105250,18020525,PRCP,5,,,E,
EZE00100082,18020526,TMAX,182,,,E,
EZE00100082,18020526,TMIN,98,,,E,
GM000010962,18020526,PRCP,0,,,E,
ITE00100554,18020526,TMAX,228,,,E,
ITE00100554,18020526,TMIN,163,,,E,
ITE00105250,18020526,PRCP,0,,,E,
EZE00100082,18020527,TMAX,203,,,E,
EZE00100082,18020527,TMIN,99,,,E,
GM000010962,18020527,PRCP,0,,,E,
ITE00100554,18020527,TMAX,231,,,E,
ITE00100554,18020527,TMIN,163,,,E,
ITE00105250,18020527,PRCP,0,,,E,
EZE00100082,18020528,TMAX,227,,,E,
EZE00100082,18020528,TMIN,107,,,E,
GM000010962,18020528,PRCP,0,,,E,
ITE00100554,18020528,TMAX,234,,,E,
ITE00100554,18020528,TMIN,166,,,E,
ITE00105250,18020528,PRCP,0,,,E,
EZE00100082,18020529,TMAX,252,,,E,
EZE00100082,18020529,TMIN,121,,,E,
GM000010962,18020529,PRCP,0,,,E,
ITE00100554,18020529,TMAX,250,,,E,
ITE00100554,18020529,TMIN,173,,,E,
ITE00105250,18020529,PRCP,0,,,E,
EZE00100082,18020530,TMAX,261,,,E,
EZE00100082,18020530,TMIN,160,,,E,
GM000010962,18020530,PRCP,16,,,E,
ITE00100554,18020530,TMAX,194,,,E,
ITE00100554,18020530,TMIN,173,,,E,
ITE00105250,18020530,PRCP,0,,,E,
EZE00100082,18020531,TMAX,187,,,E,
EZE00100082,18020531,TMIN,122,,,E,
GM000010962,18020531,PRCP,103,,,E,
ITE00100554,18020531,TMAX,234,,,E,
ITE00100554,18020531,TMIN,163,,,E,
ITE00105250,18020531,PRCP,0,,,E,
EZE00100082,18020601,TMAX,206,,,E,
EZE00100082,18020601,TMIN,121,,,E,
GM000010962,18020601,PRCP,0,,,E,
ITE00100554,18020601,TMAX,244,,,E,
ITE00100554,18020601,TMIN,159,,,E,
ITE00105250,18020601,PRCP,0,,,E,
EZE00100082,18020602,TMAX,169,,,E,
EZE00100082,18020602,TMIN,136,,,E,
GM000010962,18020602,PRCP,32,,,E,
ITE00100554,18020602,TMAX,244,,,E,
ITE00100554,18020602,TMIN,173,,,E,
ITE00105250,18020602,PRCP,0,,,E,
EZE00100082,18020603,TMAX,201,,,E,
EZE00100082,18020603,TMIN,110,,,E,
GM000010962,18020603,PRCP,0,,,E,
ITE00100554,18020603,TMAX,246,,,E,
ITE00100554,18020603,TMIN,184,,,E,
ITE00105250,18020603,PRCP,0,,,E,
EZE00100082,18020604,TMAX,242,,,E,
EZE00100082,18020604,TMIN,110,,,E,
GM000010962,18020604,PRCP,6,,,E,
ITE00100554,18020604,TMAX,271,,,E,
ITE00100554,18020604,TMIN,200,,,E,
ITE00105250,18020604,PRCP,0,,,E,
EZE00100082,18020605,TMAX,255,,,E,
EZE00100082,18020605,TMIN,164,,,E,
GM000010962,18020605,PRCP,0,,,E,
ITE00100554,18020605,TMAX,269,,,E,
ITE00100554,18020605,TMIN,204,,,E,
ITE00105250,18020605,PRCP,0,,,E,
EZE00100082,18020606,TMAX,220,,,E,
EZE00100082,18020606,TMIN,147,,,E,
GM000010962,18020606,PRCP,9,,,E,
ITE00100554,18020606,TMAX,263,,,E,
ITE00100554,18020606,TMIN,200,,,E,
ITE00105250,18020606,PRCP,0,,,E,
EZE00100082,18020607,TMAX,232,,,E,
EZE00100082,18020607,TMIN,126,,,E,
GM000010962,18020607,PRCP,0,,,E,
ITE00100554,18020607,TMAX,254,,,E,
ITE00100554,18020607,TMIN,188,,,E,
ITE00105250,18020607,PRCP,0,,,E,
EZE00100082,18020608,TMAX,275,,,E,
EZE00100082,18020608,TMIN,149,,,E,
GM000010962,18020608,PRCP,0,,,E,
ITE00100554,18020608,TMAX,250,,,E,
ITE00100554,18020608,TMIN,200,,,E,
ITE00105250,18020608,PRCP,0,,,E,
EZE00100082,18020609,TMAX,211,,,E,
EZE00100082,18020609,TMIN,144,,,E,
GM000010962,18020609,PRCP,0,,,E,
ITE00100554,18020609,TMAX,248,,,E,
ITE00100554,18020609,TMIN,181,,,E,
ITE00105250,18020609,PRCP,0,,,E,
EZE00100082,18020610,TMAX,230,,,E,
EZE00100082,18020610,TMIN,145,,,E,
GM000010962,18020610,PRCP,0,,,E,
ITE00100554,18020610,TMAX,254,,,E,
ITE00100554,18020610,TMIN,185,,,E,
ITE00105250,18020610,PRCP,0,,,E,
EZE00100082,18020611,TMAX,266,,,E,
EZE00100082,18020611,TMIN,146,,,E,
GM000010962,18020611,PRCP,0,,,E,
ITE00100554,18020611,TMAX,266,,,E,
ITE00100554,18020611,TMIN,179,,,E,
ITE00105250,18020611,PRCP,0,,,E,
EZE00100082,18020612,TMAX,269,,,E,
EZE00100082,18020612,TMIN,151,,,E,
GM000010962,18020612,PRCP,0,,,E,
ITE00100554,18020612,TMAX,298,,,E,
ITE00100554,18020612,TMIN,204,,,E,
ITE00105250,18020612,PRCP,0,,,E,
EZE00100082,18020613,TMAX,262,,,E,
EZE00100082,18020613,TMIN,163,,,E,
GM000010962,18020613,PRCP,36,,,E,
ITE00100554,18020613,TMAX,288,,,E,
ITE00100554,18020613,TMIN,209,,,E,
ITE00105250,18020613,PRCP,0,,,E,
EZE00100082,18020614,TMAX,213,,,E,
EZE00100082,18020614,TMIN,161,,,E,
GM000010962,18020614,PRCP,72,,,E,
ITE00100554,18020614,TMAX,285,,,E,
ITE00100554,18020614,TMIN,204,,,E,
ITE00105250,18020614,PRCP,0,,,E,
EZE00100082,18020615,TMAX,194,,,E,
EZE00100082,18020615,TMIN,135,,,E,
GM000010962,18020615,PRCP,57,,,E,
ITE00100554,18020615,TMAX,273,,,E,
ITE00100554,18020615,TMIN,210,,,E,
ITE00105250,18020615,PRCP,0,,,E,
EZE00100082,18020616,TMAX,213,,,E,
EZE00100082,18020616,TMIN,118,,,E,
GM000010962,18020616,PRCP,0,,,E,
ITE00100554,18020616,TMAX,288,,,E,
ITE00100554,18020616,TMIN,223,,,E,
ITE00105250,18020616,PRCP,0,,,E,
EZE00100082,18020617,TMAX,260,,,E,
EZE00100082,18020617,TMIN,131,,,E,
GM000010962,18020617,PRCP,0,,,E,
ITE00100554,18020617,TMAX,298,,,E,
ITE00100554,18020617,TMIN,231,,,E,
ITE00105250,18020617,PRCP,0,,,E,
EZE00100082,18020618,TMAX,177,,,E,
EZE00100082,18020618,TMIN,135,,,E,
GM000010962,18020618,PRCP,2,,,E,
ITE00100554,18020618,TMAX,300,,,E,
ITE00100554,18020618,TMIN,234,,,E,
ITE00105250,18020618,PRCP,0,,,E,
EZE00100082,18020619,TMAX,203,,,E,
EZE00100082,18020619,TMIN,127,,,E,
GM000010962,18020619,PRCP,0,,,E,
ITE00100554,18020619,TMAX,271,,,E,
ITE00100554,18020619,TMIN,209,,,E,
ITE00105250,18020619,PRCP,0,,,E,
EZE00100082,18020620,TMAX,241,,,E,
EZE00100082,18020620,TMIN,115,,,E,
GM000010962,18020620,PRCP,0,,,E,
ITE00100554,18020620,TMAX,269,,,E,
ITE00100554,18020620,TMIN,204,,,E,
ITE00105250,18020620,PRCP,0,,,E,
EZE00100082,18020621,TMAX,207,,,E,
EZE00100082,18020621,TMIN,135,,,E,
GM000010962,18020621,PRCP,1,,,E,
ITE00100554,18020621,TMAX,300,,,E,
ITE00100554,18020621,TMIN,204,,,E,
ITE00105250,18020621,PRCP,0,,,E,
EZE00100082,18020622,TMAX,216,,,E,
EZE00100082,18020622,TMIN,111,,,E,
GM000010962,18020622,PRCP,0,,,E,
ITE00100554,18020622,TMAX,288,,,E,
ITE00100554,18020622,TMIN,213,,,E,
ITE00105250,18020622,PRCP,0,,,E,
EZE00100082,18020623,TMAX,263,,,E,
EZE00100082,18020623,TMIN,133,,,E,
GM000010962,18020623,PRCP,0,,,E,
ITE00100554,18020623,TMAX,281,,,E,
ITE00100554,18020623,TMIN,219,,,E,
ITE00105250,18020623,PRCP,0,,,E,
EZE00100082,18020624,TMAX,184,,,E,
EZE00100082,18020624,TMIN,129,,,E,
GM000010962,18020624,PRCP,33,,,E,
ITE00100554,18020624,TMAX,269,,,E,
ITE00100554,18020624,TMIN,194,,,E,
ITE00105250,18020624,PRCP,0,,,E,
EZE00100082,18020625,TMAX,190,,,E,
EZE00100082,18020625,TMIN,108,,,E,
GM000010962,18020625,PRCP,0,,,E,
ITE00100554,18020625,TMAX,256,,,E,
ITE00100554,18020625,TMIN,219,,,E,
ITE00105250,18020625,PRCP,0,,,E,
EZE00100082,18020626,TMAX,216,,,E,
EZE00100082,18020626,TMIN,118,,,E,
GM000010962,18020626,PRCP,0,,,E,
ITE00100554,18020626,TMAX,279,,,E,
ITE00100554,18020626,TMIN,213,,,E,
ITE00105250,18020626,PRCP,0,,,E,
EZE00100082,18020627,TMAX,247,,,E,
EZE00100082,18020627,TMIN,130,,,E,
GM000010962,18020627,PRCP,18,,,E,
ITE00100554,18020627,TMAX,263,,,E,
ITE00100554,18020627,TMIN,229,,,E,
ITE00105250,18020627,PRCP,0,,,E,
EZE00100082,18020628,TMAX,259,,,E,
EZE00100082,18020628,TMIN,154,,,E,
GM000010962,18020628,PRCP,25,,,E,
ITE00100554,18020628,TMAX,269,,,E,
ITE00100554,18020628,TMIN,204,,,E,
ITE00105250,18020628,PRCP,0,,,E,
EZE00100082,18020629,TMAX,226,,,E,
EZE00100082,18020629,TMIN,159,,,E,
GM000010962,18020629,PRCP,0,,,E,
ITE00100554,18020629,TMAX,275,,,E,
ITE00100554,18020629,TMIN,191,,,E,
ITE00105250,18020629,PRCP,0,,,E,
EZE00100082,18020630,TMAX,210,,,E,
EZE00100082,18020630,TMIN,143,,,E,
GM000010962,18020630,PRCP,7,,,E,
ITE00100554,18020630,TMAX,263,,,E,
ITE00100554,18020630,TMIN,204,,,E,
ITE00105250,18020630,PRCP,0,,,E,
EZE00100082,18020701,TMAX,205,,,E,
EZE00100082,18020701,TMIN,140,,,E,
GM000010962,18020701,PRCP,7,,,E,
ITE00100554,18020701,TMAX,275,,,E,
ITE00100554,18020701,TMIN,188,,,E,
ITE00105250,18020701,PRCP,0,,,E,
EZE00100082,18020702,TMAX,229,,,E,
EZE00100082,18020702,TMIN,155,,,E,
GM000010962,18020702,PRCP,0,,,E,
ITE00100554,18020702,TMAX,275,,,E,
ITE00100554,18020702,TMIN,206,,,E,
ITE00105250,18020702,PRCP,0,,,E,
EZE00100082,18020703,TMAX,256,,,E,
EZE00100082,18020703,TMIN,168,,,E,
GM000010962,18020703,PRCP,0,,,E,
ITE00100554,18020703,TMAX,284,,,E,
ITE00100554,18020703,TMIN,204,,,E,
ITE00105250,18020703,PRCP,0,,,E,
EZE00100082,18020704,TMAX,231,,,E,
EZE00100082,18020704,TMIN,165,,,E,
GM000010962,18020704,PRCP,9,,,E,
ITE00100554,18020704,TMAX,294,,,E,
ITE00100554,18020704,TMIN,216,,,E,
ITE00105250,18020704,PRCP,0,,,E,
EZE00100082,18020705,TMAX,237,,,E,
EZE00100082,18020705,TMIN,144,,,E,
GM000010962,18020705,PRCP,7,,,E,
ITE00100554,18020705,TMAX,288,,,E,
ITE00100554,18020705,TMIN,231,,,E,
ITE00105250,18020705,PRCP,0,,,E,
EZE00100082,18020706,TMAX,257,,,E,
EZE00100082,18020706,TMIN,150,,,E,
GM000010962,18020706,PRCP,0,,,E,
ITE00100554,18020706,TMAX,285,,,E,
ITE00100554,18020706,TMIN,219,,,E,
ITE00105250,18020706,PRCP,0,,,E,
EZE00100082,18020707,TMAX,283,,,E,
EZE00100082,18020707,TMIN,150,,,E,
GM000010962,18020707,PRCP,0,,,E,
ITE00100554,18020707,TMAX,300,,,E,
ITE00100554,18020707,TMIN,223,,,E,
ITE00105250,18020707,PRCP,0,,,E,
EZE00100082,18020708,TMAX,246,,,E,
EZE00100082,18020708,TMIN,151,,,E,
GM000010962,18020708,PRCP,0,,,E,
ITE00100554,18020708,TMAX,310,,,E,
ITE00100554,18020708,TMIN,235,,,E,
ITE00105250,18020708,PRCP,0,,,E,
EZE00100082,18020709,TMAX,280,,,E,
EZE00100082,18020709,TMIN,146,,,E,
GM000010962,18020709,PRCP,0,,,E,
ITE00100554,18020709,TMAX,309,,,E,
ITE00100554,18020709,TMIN,244,,,E,
ITE00105250,18020709,PRCP,0,,,E,
EZE00100082,18020710,TMAX,268,,,E,
EZE00100082,18020710,TMIN,197,,,E,
GM000010962,18020710,PRCP,11,,,E,
ITE00100554,18020710,TMAX,310,,,E,
ITE00100554,18020710,TMIN,241,,,E,
ITE00105250,18020710,PRCP,0,,,E,
EZE00100082,18020711,TMAX,309,,,E,
EZE00100082,18020711,TMIN,172,,,E,
GM000010962,18020711,PRCP,0,,,E,
ITE00100554,18020711,TMAX,321,,,E,
ITE00100554,18020711,TMIN,244,,,E,
ITE00105250,18020711,PRCP,0,,,E,
EZE00100082,18020712,TMAX,297,,,E,
EZE00100082,18020712,TMIN,177,,,E,
GM000010962,18020712,PRCP,41,,,E,
ITE00100554,18020712,TMAX,250,,,E,
ITE00100554,18020712,TMIN,248,,I,E,
ITE00105250,18020712,PRCP,0,,,E,
EZE00100082,18020713,TMAX,177,,,E,
EZE00100082,18020713,TMIN,148,,,E,
GM000010962,18020713,PRCP,92,,,E,
ITE00100554,18020713,TMAX,206,,I,E,
ITE00100554,18020713,TMIN,200,,,E,
ITE00105250,18020713,PRCP,136,,,E,
EZE00100082,18020714,TMAX,181,,,E,
EZE00100082,18020714,TMIN,130,,,E,
GM000010962,18020714,PRCP,160,,,E,
ITE00100554,18020714,TMAX,210,,,E,
ITE00100554,18020714,TMIN,169,,,E,
ITE00105250,18020714,PRCP,0,,,E,
EZE00100082,18020715,TMAX,167,,,E,
EZE00100082,18020715,TMIN,129,,,E,
GM000010962,18020715,PRCP,8,,,E,
ITE00100554,18020715,TMAX,234,,,E,
ITE00100554,18020715,TMIN,154,,,E,
ITE00105250,18020715,PRCP,0,,,E,
EZE00100082,18020716,TMAX,172,,,E,
EZE00100082,18020716,TMIN,118,,,E,
GM000010962,18020716,PRCP,9,,,E,
ITE00100554,18020716,TMAX,219,,,E,
ITE00100554,18020716,TMIN,159,,,E,
ITE00105250,18020716,PRCP,0,,,E,
EZE00100082,18020717,TMAX,172,,,E,
EZE00100082,18020717,TMIN,121,,,E,
GM000010962,18020717,PRCP,25,,,E,
ITE00100554,18020717,TMAX,234,,,E,
ITE00100554,18020717,TMIN,159,,,E,
ITE00105250,18020717,PRCP,0,,,E,
EZE00100082,18020718,TMAX,193,,,E,
EZE00100082,18020718,TMIN,133,,,E,
GM000010962,18020718,PRCP,150,,,E,
ITE00100554,18020718,TMAX,256,,,E,
ITE00100554,18020718,TMIN,184,,,E,
ITE00105250,18020718,PRCP,0,,,E,
EZE00100082,18020719,TMAX,200,,,E,
EZE00100082,18020719,TMIN,123,,,E,
GM000010962,18020719,PRCP,0,,,E,
ITE00100554,18020719,TMAX,254,,,E,
ITE00100554,18020719,TMIN,181,,,E,
ITE00105250,18020719,PRCP,0,,,E,
EZE00100082,18020720,TMAX,261,,,E,
EZE00100082,18020720,TMIN,144,,,E,
GM000010962,18020720,PRCP,0,,,E,
ITE00100554,18020720,TMAX,279,,,E,
ITE00100554,18020720,TMIN,204,,,E,
ITE00105250,18020720,PRCP,0,,,E,
EZE00100082,18020721,TMAX,276,,,E,
EZE00100082,18020721,TMIN,187,,,E,
GM000010962,18020721,PRCP,2,,,E,
ITE00100554,18020721,TMAX,266,,,E,
ITE00100554,18020721,TMIN,229,,,E,
ITE00105250,18020721,PRCP,0,,,E,
EZE00100082,18020722,TMAX,290,,,E,
EZE00100082,18020722,TMIN,186,,,E,
GM000010962,18020722,PRCP,0,,,E,
ITE00100554,18020722,TMAX,275,,,E,
ITE00100554,18020722,TMIN,204,,,E,
ITE00105250,18020722,PRCP,0,,,E,
EZE00100082,18020723,TMAX,200,,,E,
EZE00100082,18020723,TMIN,165,,,E,
GM000010962,18020723,PRCP,76,,,E,
ITE00100554,18020723,TMAX,269,,,E,
ITE00100554,18020723,TMIN,206,,,E,
ITE00105250,18020723,PRCP,0,,,E,
EZE00100082,18020724,TMAX,212,,,E,
EZE00100082,18020724,TMIN,161,,,E,
GM000010962,18020724,PRCP,48,,,E,
ITE00100554,18020724,TMAX,279,,,E,
ITE00100554,18020724,TMIN,204,,,E,
ITE00105250,18020724,PRCP,0,,,E,
EZE00100082,18020725,TMAX,215,,,E,
EZE00100082,18020725,TMIN,153,,,E,
GM000010962,18020725,PRCP,8,,,E,
ITE00100554,18020725,TMAX,269,,,E,
ITE00100554,18020725,TMIN,196,,,E,
ITE00105250,18020725,PRCP,0,,,E,
EZE00100082,18020726,TMAX,242,,,E,
EZE00100082,18020726,TMIN,142,,,E,
GM000010962,18020726,PRCP,0,,,E,
ITE00100554,18020726,TMAX,266,,,E,
ITE00100554,18020726,TMIN,194,,,E,
ITE00105250,18020726,PRCP,0,,,E,
EZE00100082,18020727,TMAX,264,,,E,
EZE00100082,18020727,TMIN,166,,,E,
GM000010962,18020727,PRCP,0,,,E,
ITE00100554,18020727,TMAX,291,,,E,
ITE00100554,18020727,TMIN,204,,,E,
ITE00105250,18020727,PRCP,0,,,E,
EZE00100082,18020728,TMAX,257,,,E,
EZE00100082,18020728,TMIN,188,,,E,
GM000010962,18020728,PRCP,33,,,E,
ITE00100554,18020728,TMAX,290,,,E,
ITE00100554,18020728,TMIN,209,,,E,
ITE00105250,18020728,PRCP,0,,,E,
EZE00100082,18020729,TMAX,268,,,E,
EZE00100082,18020729,TMIN,196,,,E,
GM000010962,18020729,PRCP,0,,,E,
ITE00100554,18020729,TMAX,300,,,E,
ITE00100554,18020729,TMIN,215,,,E,
ITE00105250,18020729,PRCP,0,,,E,
EZE00100082,18020730,TMAX,287,,,E,
EZE00100082,18020730,TMIN,184,,,E,
GM000010962,18020730,PRCP,0,,,E,
ITE00100554,18020730,TMAX,281,,,E,
ITE00100554,18020730,TMIN,226,,,E,
ITE00105250,18020730,PRCP,0,,,E,
EZE00100082,18020731,TMAX,273,,,E,
EZE00100082,18020731,TMIN,184,,,E,
GM000010962,18020731,PRCP,280,,,E,
ITE00100554,18020731,TMAX,291,,,E,
ITE00100554,18020731,TMIN,225,,,E,
ITE00105250,18020731,PRCP,0,,,E,
EZE00100082,18020801,TMAX,233,,,E,
EZE00100082,18020801,TMIN,156,,,E,
GM000010962,18020801,PRCP,8,,,E,
ITE00100554,18020801,TMAX,296,,,E,
ITE00100554,18020801,TMIN,216,,,E,
ITE00105250,18020801,PRCP,0,,,E,
EZE00100082,18020802,TMAX,206,,,E,
EZE00100082,18020802,TMIN,147,,,E,
GM000010962,18020802,PRCP,0,,,E,
ITE00100554,18020802,TMAX,269,,,E,
ITE00100554,18020802,TMIN,219,,,E,
ITE00105250,18020802,PRCP,0,,,E,
EZE00100082,18020803,TMAX,213,,,E,
EZE00100082,18020803,TMIN,159,,,E,
GM000010962,18020803,PRCP,0,,,E,
ITE00100554,18020803,TMAX,269,,,E,
ITE00100554,18020803,TMIN,206,,,E,
ITE00105250,18020803,PRCP,0,,,E,
EZE00100082,18020804,TMAX,198,,,E,
EZE00100082,18020804,TMIN,142,,,E,
GM000010962,18020804,PRCP,0,,,E,
ITE00100554,18020804,TMAX,269,,,E,
ITE00100554,18020804,TMIN,200,,,E,
ITE00105250,18020804,PRCP,0,,,E,
EZE00100082,18020805,TMAX,211,,,E,
EZE00100082,18020805,TMIN,142,,,E,
GM000010962,18020805,PRCP,0,,,E,
ITE00100554,18020805,TMAX,285,,,E,
ITE00100554,18020805,TMIN,206,,,E,
ITE00105250,18020805,PRCP,0,,,E,
EZE00100082,18020806,TMAX,247,,,E,
EZE00100082,18020806,TMIN,136,,,E,
GM000010962,18020806,PRCP,0,,,E,
ITE00100554,18020806,TMAX,298,,,E,
ITE00100554,18020806,TMIN,235,,,E,
ITE00105250,18020806,PRCP,0,,,E,
EZE00100082,18020807,TMAX,292,,,E,
EZE00100082,18020807,TMIN,157,,,E,
GM000010962,18020807,PRCP,0,,,E,
ITE00100554,18020807,TMAX,310,,,E,
ITE00100554,18020807,TMIN,229,,,E,
ITE00105250,18020807,PRCP,0,,,E,
EZE00100082,18020808,TMAX,330,,,E,
EZE00100082,18020808,TMIN,185,,,E,
GM000010962,18020808,PRCP,0,,,E,
ITE00100554,18020808,TMAX,315,,,E,
ITE00100554,18020808,TMIN,231,,,E,
ITE00105250,18020808,PRCP,0,,,E,
EZE00100082,18020809,TMAX,341,,,E,
EZE00100082,18020809,TMIN,202,,,E,
GM000010962,18020809,PRCP,0,,,E,
ITE00100554,18020809,TMAX,319,,,E,
ITE00100554,18020809,TMIN,234,,,E,
ITE00105250,18020809,PRCP,0,,,E,
EZE00100082,18020810,TMAX,347,,,E,
EZE00100082,18020810,TMIN,224,,,E,
GM000010962,18020810,PRCP,0,,,E,
ITE00100554,18020810,TMAX,319,,,E,
ITE00100554,18020810,TMIN,238,,,E,
ITE00105250,18020810,PRCP,0,,,E,
EZE00100082,18020811,TMAX,343,,,E,
EZE00100082,18020811,TMIN,223,,,E,
GM000010962,18020811,PRCP,0,,,E,
ITE00100554,18020811,TMAX,316,,,E,
ITE00100554,18020811,TMIN,219,,,E,
ITE00105250,18020811,PRCP,0,,,E,
EZE00100082,18020812,TMAX,323,,,E,
EZE00100082,18020812,TMIN,213,,,E,
GM000010962,18020812,PRCP,0,,,E,
ITE00100554,18020812,TMAX,323,,,E,
ITE00100554,18020812,TMIN,231,,,E,
ITE00105250,18020812,PRCP,0,,,E,
EZE00100082,18020813,TMAX,295,,,E,
EZE00100082,18020813,TMIN,189,,,E,
GM000010962,18020813,PRCP,0,,,E,
ITE00100554,18020813,TMAX,323,,,E,
ITE00100554,18020813,TMIN,231,,,E,
ITE00105250,18020813,PRCP,0,,,E,
EZE00100082,18020814,TMAX,265,,,E,
EZE00100082,18020814,TMIN,183,,,E,
GM000010962,18020814,PRCP,33,,,E,
ITE00100554,18020814,TMAX,323,,,E,
ITE00100554,18020814,TMIN,238,,,E,
ITE00105250,18020814,PRCP,0,,,E,
EZE00100082,18020815,TMAX,221,,,E,
EZE00100082,18020815,TMIN,169,,,E,
GM000010962,18020815,PRCP,0,,,E,
ITE00100554,18020815,TMAX,319,,,E,
ITE00100554,18020815,TMIN,241,,,E,
ITE00105250,18020815,PRCP,0,,,E,
EZE00100082,18020816,TMAX,199,,,E,
EZE00100082,18020816,TMIN,159,,,E,
GM000010962,18020816,PRCP,0,,,E,
ITE00100554,18020816,TMAX,321,,,E,
ITE00100554,18020816,TMIN,250,,,E,
ITE00105250,18020816,PRCP,0,,,E,
EZE00100082,18020817,TMAX,192,,,E,
EZE00100082,18020817,TMIN,139,,,E,
GM000010962,18020817,PRCP,0,,,E,
ITE00100554,18020817,TMAX,321,,,E,
ITE00100554,18020817,TMIN,263,,,E,
ITE00105250,18020817,PRCP,0,,,E,
EZE00100082,18020818,TMAX,231,,,E,
EZE00100082,18020818,TMIN,117,,,E,
GM000010962,18020818,PRCP,0,,,E,
ITE00100554,18020818,TMAX,288,,,E,
ITE00100554,18020818,TMIN,241,,,E,
ITE00105250,18020818,PRCP,0,,,E,
EZE00100082,18020819,TMAX,271,,,E,
EZE00100082,18020819,TMIN,143,,,E,
GM000010962,18020819,PRCP,0,,,E,
ITE00100554,18020819,TMAX,288,,,E,
ITE00100554,18020819,TMIN,206,,,E,
ITE00105250,18020819,PRCP,0,,,E,
EZE00100082,18020820,TMAX,292,,,E,
EZE00100082,18020820,TMIN,174,,,E,
GM000010962,18020820,PRCP,0,,,E,
ITE00100554,18020820,TMAX,294,,,E,
ITE00100554,18020820,TMIN,210,,,E,
ITE00105250,18020820,PRCP,0,,,E,
EZE00100082,18020821,TMAX,300,,,E,
EZE00100082,18020821,TMIN,190,,,E,
GM000010962,18020821,PRCP,185,,,E,
ITE00100554,18020821,TMAX,309,,,E,
ITE00100554,18020821,TMIN,215,,,E,
ITE00105250,18020821,PRCP,0,,,E,
EZE00100082,18020822,TMAX,314,,,E,
EZE00100082,18020822,TMIN,200,,,E,
GM000010962,18020822,PRCP,0,,,E,
ITE00100554,18020822,TMAX,313,,,E,
ITE00100554,18020822,TMIN,229,,,E,
ITE00105250,18020822,PRCP,0,,,E,
EZE00100082,18020823,TMAX,326,,,E,
EZE00100082,18020823,TMIN,200,,,E,
GM000010962,18020823,PRCP,0,,,E,
ITE00100554,18020823,TMAX,313,,,E,
ITE00100554,18020823,TMIN,225,,,E,
ITE00105250,18020823,PRCP,0,,,E,
EZE00100082,18020824,TMAX,328,,,E,
EZE00100082,18020824,TMIN,198,,,E,
GM000010962,18020824,PRCP,0,,,E,
ITE00100554,18020824,TMAX,306,,,E,
ITE00100554,18020824,TMIN,229,,,E,
ITE00105250,18020824,PRCP,0,,,E,
EZE00100082,18020825,TMAX,321,,,E,
EZE00100082,18020825,TMIN,193,,,E,
GM000010962,18020825,PRCP,0,,,E,
ITE00100554,18020825,TMAX,304,,,E,
ITE00100554,18020825,TMIN,221,,,E,
ITE00105250,18020825,PRCP,0,,,E,
EZE00100082,18020826,TMAX,233,,,E,
EZE00100082,18020826,TMIN,167,,,E,
GM000010962,18020826,PRCP,56,,,E,
ITE00100554,18020826,TMAX,241,,,E,
ITE00100554,18020826,TMIN,241,,,E,
ITE00105250,18020826,PRCP,0,,,E,
EZE00100082,18020827,TMAX,199,,,E,
EZE00100082,18020827,TMIN,149,,,E,
GM000010962,18020827,PRCP,29,,,E,
ITE00100554,18020827,TMAX,254,,,E,
ITE00100554,18020827,TMIN,163,,,E,
ITE00105250,18020827,PRCP,0,,,E,
EZE00100082,18020828,TMAX,200,,,E,
EZE00100082,18020828,TMIN,145,,,E,
GM000010962,18020828,PRCP,26,,,E,
ITE00100554,18020828,TMAX,263,,,E,
ITE00100554,18020828,TMIN,184,,,E,
ITE00105250,18020828,PRCP,0,,,E,
EZE00100082,18020829,TMAX,194,,,E,
EZE00100082,18020829,TMIN,157,,,E,
GM000010962,18020829,PRCP,81,,,E,
ITE00100554,18020829,TMAX,273,,,E,
ITE00100554,18020829,TMIN,185,,,E,
ITE00105250,18020829,PRCP,0,,,E,
EZE00100082,18020830,TMAX,239,,,E,
EZE00100082,18020830,TMIN,156,,,E,
GM000010962,18020830,PRCP,2,,,E,
ITE00100554,18020830,TMAX,271,,,E,
ITE00100554,18020830,TMIN,198,,,E,
ITE00105250,18020830,PRCP,0,,,E,
EZE00100082,18020831,TMAX,267,,,E,
EZE00100082,18020831,TMIN,143,,,E,
GM000010962,18020831,PRCP,0,,,E,
ITE00100554,18020831,TMAX,263,,,E,
ITE00100554,18020831,TMIN,191,,,E,
ITE00105250,18020831,PRCP,0,,,E,
EZE00100082,18020901,TMAX,217,,,E,
EZE00100082,18020901,TMIN,140,,,E,
GM000010962,18020901,PRCP,0,,,E,
ITE00100554,18020901,TMAX,285,,,E,
ITE00100554,18020901,TMIN,196,,,E,
ITE00105250,18020901,PRCP,0,,,E,
EZE00100082,18020902,TMAX,224,,,E,
EZE00100082,18020902,TMIN,121,,,E,
GM000010962,18020902,PRCP,0,,,E,
ITE00100554,18020902,TMAX,285,,,E,
ITE00100554,18020902,TMIN,213,,,E,
ITE00105250,18020902,PRCP,0,,,E,
EZE00100082,18020903,TMAX,276,,,E,
EZE00100082,18020903,TMIN,140,,,E,
GM000010962,18020903,PRCP,0,,,E,
ITE00100554,18020903,TMAX,263,,,E,
ITE00100554,18020903,TMIN,198,,,E,
ITE00105250,18020903,PRCP,0,,,E,
EZE00100082,18020904,TMAX,272,,,E,
EZE00100082,18020904,TMIN,182,,,E,
GM000010962,18020904,PRCP,0,,,E,
ITE00100554,18020904,TMAX,288,,,E,
ITE00100554,18020904,TMIN,213,,,E,
ITE00105250,18020904,PRCP,0,,,E,
EZE00100082,18020905,TMAX,297,,,E,
EZE00100082,18020905,TMIN,195,,,E,
GM000010962,18020905,PRCP,0,,,E,
ITE00100554,18020905,TMAX,290,,,E,
ITE00100554,18020905,TMIN,225,,,E,
ITE00105250,18020905,PRCP,0,,,E,
EZE00100082,18020906,TMAX,240,,,E,
EZE00100082,18020906,TMIN,186,,,E,
GM000010962,18020906,PRCP,0,,,E,
ITE00100554,18020906,TMAX,291,,,E,
ITE00100554,18020906,TMIN,225,,,E,
ITE00105250,18020906,PRCP,0,,,E,
EZE00100082,18020907,TMAX,240,,,E,
EZE00100082,18020907,TMIN,170,,,E,
GM000010962,18020907,PRCP,38,,,E,
ITE00100554,18020907,TMAX,290,,,E,
ITE00100554,18020907,TMIN,229,,,E,
ITE00105250,18020907,PRCP,0,,,E,
EZE00100082,18020908,TMAX,190,,,E,
EZE00100082,18020908,TMIN,141,,,E,
GM000010962,18020908,PRCP,30,,,E,
ITE00100554,18020908,TMAX,291,,,E,
ITE00100554,18020908,TMIN,216,,,E,
ITE00105250,18020908,PRCP,0,,,E,
EZE00100082,18020909,TMAX,201,,,E,
EZE00100082,18020909,TMIN,129,,,E,
GM000010962,18020909,PRCP,18,,,E,
ITE00100554,18020909,TMAX,265,,,E,
ITE00100554,18020909,TMIN,225,,,E,
ITE00105250,18020909,PRCP,0,,,E,
EZE00100082,18020910,TMAX,240,,,E,
EZE00100082,18020910,TMIN,148,,,E,
GM000010962,18020910,PRCP,7,,,E,
ITE00100554,18020910,TMAX,254,,,E,
ITE00100554,18020910,TMIN,175,,,E,
ITE00105250,18020910,PRCP,0,,,E,
EZE00100082,18020911,TMAX,219,,,E,
EZE00100082,18020911,TMIN,152,,,E,
GM000010962,18020911,PRCP,0,,,E,
ITE00100554,18020911,TMAX,263,,,E,
ITE00100554,18020911,TMIN,194,,,E,
ITE00105250,18020911,PRCP,0,,,E,
EZE00100082,18020912,TMAX,178,,,E,
EZE00100082,18020912,TMIN,123,,,E,
GM000010962,18020912,PRCP,70,,,E,
ITE00100554,18020912,TMAX,241,,,E,
ITE00100554,18020912,TMIN,175,,,E,
ITE00105250,18020912,PRCP,81,,,E,
EZE00100082,18020913,TMAX,163,,,E,
EZE00100082,18020913,TMIN,106,,,E,
GM000010962,18020913,PRCP,21,,,E,
ITE00100554,18020913,TMAX,225,,,E,
ITE00100554,18020913,TMIN,175,,,E,
ITE00105250,18020913,PRCP,0,,,E,
EZE00100082,18020914,TMAX,146,,,E,
EZE00100082,18020914,TMIN,97,,,E,
GM000010962,18020914,PRCP,15,,,E,
ITE00100554,18020914,TMAX,221,,,E,
ITE00100554,18020914,TMIN,154,,,E,
ITE00105250,18020914,PRCP,120,,,E,
EZE00100082,18020915,TMAX,180,,,E,
EZE00100082,18020915,TMIN,96,,,E,
GM000010962,18020915,PRCP,0,,,E,
ITE00100554,18020915,TMAX,213,,,E,
ITE00100554,18020915,TMIN,163,,,E,
ITE00105250,18020915,PRCP,5,,,E,
EZE00100082,18020916,TMAX,186,,,E,
EZE00100082,18020916,TMIN,118,,,E,
GM000010962,18020916,PRCP,0,,,E,
ITE00100554,18020916,TMAX,213,,,E,
ITE00100554,18020916,TMIN,150,,,E,
ITE00105250,18020916,PRCP,0,,,E,
EZE00100082,18020917,TMAX,195,,,E,
EZE00100082,18020917,TMIN,131,,,E,
GM000010962,18020917,PRCP,0,,,E,
ITE00100554,18020917,TMAX,229,,,E,
ITE00100554,18020917,TMIN,148,,,E,
ITE00105250,18020917,PRCP,0,,,E,
EZE00100082,18020918,TMAX,185,,,E,
EZE00100082,18020918,TMIN,109,,,E,
GM000010962,18020918,PRCP,0,,,E,
ITE00100554,18020918,TMAX,229,,,E,
ITE00100554,18020918,TMIN,181,,,E,
ITE00105250,18020918,PRCP,0,,,E,
EZE00100082,18020919,TMAX,181,,,E,
EZE00100082,18020919,TMIN,106,,,E,
GM000010962,18020919,PRCP,0,,,E,
ITE00100554,18020919,TMAX,229,,,E,
ITE00100554,18020919,TMIN,148,,,E,
ITE00105250,18020919,PRCP,0,,,E,
EZE00100082,18020920,TMAX,178,,,E,
EZE00100082,18020920,TMIN,99,,,E,
GM000010962,18020920,PRCP,0,,,E,
ITE00100554,18020920,TMAX,225,,,E,
ITE00100554,18020920,TMIN,163,,,E,
ITE00105250,18020920,PRCP,0,,,E,
EZE00100082,18020921,TMAX,175,,,E,
EZE00100082,18020921,TMIN,78,,,E,
GM000010962,18020921,PRCP,0,,,E,
ITE00100554,18020921,TMAX,223,,,E,
ITE00100554,18020921,TMIN,154,,,E,
ITE00105250,18020921,PRCP,0,,,E,
EZE00100082,18020922,TMAX,183,,,E,
EZE00100082,18020922,TMIN,72,,,E,
GM000010962,18020922,PRCP,0,,,E,
ITE00100554,18020922,TMAX,213,,,E,
ITE00100554,18020922,TMIN,163,,,E,
ITE00105250,18020922,PRCP,0,,,E,
EZE00100082,18020923,TMAX,185,,,E,
EZE00100082,18020923,TMIN,78,,,E,
GM000010962,18020923,PRCP,0,,,E,
ITE00100554,18020923,TMAX,210,,,E,
ITE00100554,18020923,TMIN,150,,,E,
ITE00105250,18020923,PRCP,51,,,E,
EZE00100082,18020924,TMAX,168,,,E,
EZE00100082,18020924,TMIN,84,,,E,
GM000010962,18020924,PRCP,0,,,E,
ITE00100554,18020924,TMAX,204,,,E,
ITE00100554,18020924,TMIN,163,,,E,
ITE00105250,18020924,PRCP,0,,,E,
EZE00100082,18020925,TMAX,170,,,E,
EZE00100082,18020925,TMIN,60,,,E,
GM000010962,18020925,PRCP,0,,,E,
ITE00100554,18020925,TMAX,210,,,E,
ITE00100554,18020925,TMIN,154,,,E,
ITE00105250,18020925,PRCP,69,,,E,
EZE00100082,18020926,TMAX,171,,,E,
EZE00100082,18020926,TMIN,67,,,E,
GM000010962,18020926,PRCP,0,,,E,
ITE00100554,18020926,TMAX,191,,,E,
ITE00100554,18020926,TMIN,141,,,E,
ITE00105250,18020926,PRCP,0,,,E,
EZE00100082,18020927,TMAX,195,,,E,
EZE00100082,18020927,TMIN,65,,,E,
GM000010962,18020927,PRCP,0,,,E,
ITE00100554,18020927,TMAX,191,,,E,
ITE00100554,18020927,TMIN,116,,,E,
ITE00105250,18020927,PRCP,85,,,E,
EZE00100082,18020928,TMAX,149,,,E,
EZE00100082,18020928,TMIN,106,,,E,
GM000010962,18020928,PRCP,0,,,E,
ITE00100554,18020928,TMAX,198,,,E,
ITE00100554,18020928,TMIN,106,,,E,
ITE00105250,18020928,PRCP,7,,,E,
EZE00100082,18020929,TMAX,171,,,E,
EZE00100082,18020929,TMIN,123,,,E,
GM000010962,18020929,PRCP,0,,,E,
ITE00100554,18020929,TMAX,204,,,E,
ITE00100554,18020929,TMIN,129,,,E,
ITE00105250,18020929,PRCP,0,,,E,
EZE00100082,18020930,TMAX,201,,,E,
EZE00100082,18020930,TMIN,104,,,E,
GM000010962,18020930,PRCP,0,,,E,
ITE00100554,18020930,TMAX,209,,,E,
ITE00100554,18020930,TMIN,129,,,E,
ITE00105250,18020930,PRCP,3,,,E,
EZE00100082,18021001,TMAX,220,,,E,
EZE00100082,18021001,TMIN,127,,,E,
GM000010962,18021001,PRCP,0,,,E,
ITE00100554,18021001,TMAX,213,,,E,
ITE00100554,18021001,TMIN,144,,,E,
ITE00105250,18021001,PRCP,0,,,E,
EZE00100082,18021002,TMAX,200,,,E,
EZE00100082,18021002,TMIN,163,,,E,
GM000010962,18021002,PRCP,0,,,E,
ITE00100554,18021002,TMAX,219,,,E,
ITE00100554,18021002,TMIN,138,,,E,
ITE00105250,18021002,PRCP,0,,,E,
EZE00100082,18021003,TMAX,217,,,E,
EZE00100082,18021003,TMIN,145,,,E,
GM000010962,18021003,PRCP,0,,,E,
ITE00100554,18021003,TMAX,228,,,E,
ITE00100554,18021003,TMIN,144,,,E,
ITE00105250,18021003,PRCP,0,,,E,
EZE00100082,18021004,TMAX,237,,,E,
EZE00100082,18021004,TMIN,126,,,E,
GM000010962,18021004,PRCP,0,,,E,
ITE00100554,18021004,TMAX,225,,,E,
ITE00100554,18021004,TMIN,148,,,E,
ITE00105250,18021004,PRCP,0,,,E,
EZE00100082,18021005,TMAX,236,,,E,
EZE00100082,18021005,TMIN,145,,,E,
GM000010962,18021005,PRCP,0,,,E,
ITE00100554,18021005,TMAX,223,,,E,
ITE00100554,18021005,TMIN,148,,,E,
ITE00105250,18021005,PRCP,0,,,E,
EZE00100082,18021006,TMAX,191,,,E,
EZE00100082,18021006,TMIN,119,,,E,
GM000010962,18021006,PRCP,0,,,E,
ITE00100554,18021006,TMAX,225,,,E,
ITE00100554,18021006,TMIN,156,,,E,
ITE00105250,18021006,PRCP,0,,,E,
EZE00100082,18021007,TMAX,203,,,E,
EZE00100082,18021007,TMIN,119,,,E,
GM000010962,18021007,PRCP,0,,,E,
ITE00100554,18021007,TMAX,231,,,E,
ITE00100554,18021007,TMIN,154,,,E,
ITE00105250,18021007,PRCP,0,,,E,
EZE00100082,18021008,TMAX,194,,,E,
EZE00100082,18021008,TMIN,118,,,E,
GM000010962,18021008,PRCP,117,,,E,
ITE00100554,18021008,TMAX,234,,,E,
ITE00100554,18021008,TMIN,156,,,E,
ITE00105250,18021008,PRCP,0,,,E,
EZE00100082,18021009,TMAX,222,,,E,
EZE00100082,18021009,TMIN,170,,,E,
GM000010962,18021009,PRCP,0,,,E,
ITE00100554,18021009,TMAX,235,,,E,
ITE00100554,18021009,TMIN,171,,,E,
ITE00105250,18021009,PRCP,0,,,E,
EZE00100082,18021010,TMAX,194,,,E,
EZE00100082,18021010,TMIN,96,,,E,
GM000010962,18021010,PRCP,13,,,E,
ITE00100554,18021010,TMAX,213,,,E,
ITE00100554,18021010,TMIN,188,,,E,
ITE00105250,18021010,PRCP,0,,,E,
EZE00100082,18021011,TMAX,135,,,E,
EZE00100082,18021011,TMIN,73,,,E,
GM000010962,18021011,PRCP,1,,,E,
ITE00100554,18021011,TMAX,209,,,E,
ITE00100554,18021011,TMIN,163,,,E,
ITE00105250,18021011,PRCP,0,,,E,
EZE00100082,18021012,TMAX,156,,,E,
EZE00100082,18021012,TMIN,46,,,E,
GM000010962,18021012,PRCP,0,,,E,
ITE00100554,18021012,TMAX,200,,,E,
ITE00100554,18021012,TMIN,154,,,E,
ITE00105250,18021012,PRCP,0,,,E,
EZE00100082,18021013,TMAX,167,,,E,
EZE00100082,18021013,TMIN,110,,,E,
GM000010962,18021013,PRCP,6,,,E,
ITE00100554,18021013,TMAX,198,,,E,
ITE00100554,18021013,TMIN,159,,,E,
ITE00105250,18021013,PRCP,0,,,E,
EZE00100082,18021014,TMAX,115,,,E,
EZE00100082,18021014,TMIN,85,,,E,
GM000010962,18021014,PRCP,22,,,E,
ITE00100554,18021014,TMAX,163,,,E,
ITE00100554,18021014,TMIN,150,,,E,
ITE00105250,18021014,PRCP,0,,,E,
EZE00100082,18021015,TMAX,115,,,E,
EZE00100082,18021015,TMIN,46,,,E,
GM000010962,18021015,PRCP,30,,,E,
ITE00100554,18021015,TMAX,150,,,E,
ITE00100554,18021015,TMIN,129,,,E,
ITE00105250,18021015,PRCP,37,,,E,
EZE00100082,18021016,TMAX,123,,,E,
EZE00100082,18021016,TMIN,25,,,E,
GM000010962,18021016,PRCP,6,,,E,
ITE00100554,18021016,TMAX,169,,,E,
ITE00100554,18021016,TMIN,119,,,E,
ITE00105250,18021016,PRCP,0,,,E,
EZE00100082,18021017,TMAX,122,,,E,
EZE00100082,18021017,TMIN,70,,,E,
GM000010962,18021017,PRCP,1,,,E,
ITE00100554,18021017,TMAX,150,,,E,
ITE00100554,18021017,TMIN,131,,,E,
ITE00105250,18021017,PRCP,0,,,E,
EZE00100082,18021018,TMAX,145,,,E,
EZE00100082,18021018,TMIN,92,,,E,
GM000010962,18021018,PRCP,0,,,E,
ITE00100554,18021018,TMAX,185,,,E,
ITE00100554,18021018,TMIN,131,,,E,
ITE00105250,18021018,PRCP,9,,,E,
EZE00100082,18021019,TMAX,153,,,E,
EZE00100082,18021019,TMIN,67,,,E,
GM000010962,18021019,PRCP,0,,,E,
ITE00100554,18021019,TMAX,198,,,E,
ITE00100554,18021019,TMIN,125,,,E,
ITE00105250,18021019,PRCP,0,,,E,
EZE00100082,18021020,TMAX,155,,,E,
EZE00100082,18021020,TMIN,68,,,E,
GM000010962,18021020,PRCP,0,,,E,
ITE00100554,18021020,TMAX,188,,,E,
ITE00100554,18021020,TMIN,150,,,E,
ITE00105250,18021020,PRCP,0,,,E,
EZE00100082,18021021,TMAX,136,,,E,
EZE00100082,18021021,TMIN,100,,,E,
GM000010962,18021021,PRCP,26,,,E,
ITE00100554,18021021,TMAX,198,,,E,
ITE00100554,18021021,TMIN,160,,,E,
ITE00105250,18021021,PRCP,0,,,E,
EZE00100082,18021022,TMAX,167,,,E,
EZE00100082,18021022,TMIN,90,,,E,
GM000010962,18021022,PRCP,4,,,E,
ITE00100554,18021022,TMAX,169,,,E,
ITE00100554,18021022,TMIN,158,,,E,
ITE00105250,18021022,PRCP,0,,,E,
EZE00100082,18021023,TMAX,142,,,E,
EZE00100082,18021023,TMIN,114,,,E,
GM000010962,18021023,PRCP,0,,,E,
ITE00100554,18021023,TMAX,191,,,E,
ITE00100554,18021023,TMIN,163,,,E,
ITE00105250,18021023,PRCP,12,,,E,
EZE00100082,18021024,TMAX,149,,,E,
EZE00100082,18021024,TMIN,100,,,E,
GM000010962,18021024,PRCP,0,,,E,
ITE00100554,18021024,TMAX,196,,,E,
ITE00100554,18021024,TMIN,163,,,E,
ITE00105250,18021024,PRCP,62,,,E,
EZE00100082,18021025,TMAX,171,,,E,
EZE00100082,18021025,TMIN,68,,,E,
GM000010962,18021025,PRCP,0,,,E,
ITE00100554,18021025,TMAX,165,,,E,
ITE00100554,18021025,TMIN,159,,,E,
ITE00105250,18021025,PRCP,0,,,E,
EZE00100082,18021026,TMAX,182,,,E,
EZE00100082,18021026,TMIN,102,,,E,
GM000010962,18021026,PRCP,0,,,E,
ITE00100554,18021026,TMAX,179,,,E,
ITE00100554,18021026,TMIN,150,,,E,
ITE00105250,18021026,PRCP,0,,,E,
EZE00100082,18021027,TMAX,156,,,E,
EZE00100082,18021027,TMIN,107,,,E,
GM000010962,18021027,PRCP,0,,,E,
ITE00100554,18021027,TMAX,163,,,E,
ITE00100554,18021027,TMIN,160,,,E,
ITE00105250,18021027,PRCP,18,,,E,
EZE00100082,18021028,TMAX,138,,,E,
EZE00100082,18021028,TMIN,79,,,E,
GM000010962,18021028,PRCP,0,,,E,
ITE00100554,18021028,TMAX,165,,,E,
ITE00100554,18021028,TMIN,155,,,E,
ITE00105250,18021028,PRCP,79,,,E,
EZE00100082,18021029,TMAX,164,,,E,
EZE00100082,18021029,TMIN,83,,,E,
GM000010962,18021029,PRCP,0,,,E,
ITE00100554,18021029,TMAX,163,,,E,
ITE00100554,18021029,TMIN,131,,,E,
ITE00105250,18021029,PRCP,9,,,E,
EZE00100082,18021030,TMAX,189,,,E,
EZE00100082,18021030,TMIN,129,,,E,
GM000010962,18021030,PRCP,0,,,E,
ITE00100554,18021030,TMAX,163,,,E,
ITE00100554,18021030,TMIN,131,,I,E,
ITE00105250,18021030,PRCP,0,,,E,
EZE00100082,18021031,TMAX,155,,,E,
EZE00100082,18021031,TMIN,85,,,E,
GM000010962,18021031,PRCP,0,,,E,
ITE00100554,18021031,TMAX,119,,I,E,
ITE00100554,18021031,TMIN,119,,,E,
ITE00105250,18021031,PRCP,0,,,E,
EZE00100082,18021101,TMAX,140,,,E,
EZE00100082,18021101,TMIN,75,,,E,
GM000010962,18021101,PRCP,0,,,E,
ITE00100554,18021101,TMAX,121,,,E,
ITE00100554,18021101,TMIN,106,,,E,
ITE00105250,18021101,PRCP,25,,,E,
EZE00100082,18021102,TMAX,98,,,E,
EZE00100082,18021102,TMIN,61,,,E,
GM000010962,18021102,PRCP,18,,,E,
ITE00100554,18021102,TMAX,121,,,E,
ITE00100554,18021102,TMIN,100,,,E,
ITE00105250,18021102,PRCP,79,,,E,
EZE00100082,18021103,TMAX,122,,,E,
EZE00100082,18021103,TMIN,73,,,E,
GM000010962,18021103,PRCP,23,,,E,
ITE00100554,18021103,TMAX,125,,,E,
ITE00100554,18021103,TMIN,109,,,E,
ITE00105250,18021103,PRCP,14,,,E,
EZE00100082,18021104,TMAX,121,,,E,
EZE00100082,18021104,TMIN,54,,,E,
GM000010962,18021104,PRCP,0,,,E,
ITE00100554,18021104,TMAX,138,,,E,
ITE00100554,18021104,TMIN,75,,,E,
ITE00105250,18021104,PRCP,0,,,E,
EZE00100082,18021105,TMAX,100,,,E,
EZE00100082,18021105,TMIN,46,,,E,
GM000010962,18021105,PRCP,0,,,E,
ITE00100554,18021105,TMAX,115,,,E,
ITE00100554,18021105,TMIN,94,,,E,
ITE00105250,18021105,PRCP,0,,,E,
EZE00100082,18021106,TMAX,91,,,E,
EZE00100082,18021106,TMIN,56,,,E,
GM000010962,18021106,PRCP,42,,,E,
ITE00100554,18021106,TMAX,131,,,E,
ITE00100554,18021106,TMIN,108,,,E,
ITE00105250,18021106,PRCP,0,,,E,
EZE00100082,18021107,TMAX,85,,,E,
EZE00100082,18021107,TMIN,53,,,E,
GM000010962,18021107,PRCP,98,,,E,
ITE00100554,18021107,TMAX,138,,,E,
ITE00100554,18021107,TMIN,84,,,E,
ITE00105250,18021107,PRCP,0,,,E,
EZE00100082,18021108,TMAX,53,,,E,
EZE00100082,18021108,TMIN,10,,,E,
GM000010962,18021108,PRCP,79,,,E,
ITE00100554,18021108,TMAX,135,,,E,
ITE00100554,18021108,TMIN,113,,I,E,
ITE00105250,18021108,PRCP,5,,,E,
EZE00100082,18021109,TMAX,41,,,E,
EZE00100082,18021109,TMIN,9,,,E,
GM000010962,18021109,PRCP,23,,,E,
ITE00100554,18021109,TMAX,79,,I,E,
ITE00100554,18021109,TMIN,63,,,E,
ITE00105250,18021109,PRCP,13,,,E,
EZE00100082,18021110,TMAX,53,,,E,
EZE00100082,18021110,TMIN,20,,,E,
GM000010962,18021110,PRCP,0,,,E,
ITE00100554,18021110,TMAX,79,,,E,
ITE00100554,18021110,TMIN,50,,,E,
ITE00105250,18021110,PRCP,79,,,E,
EZE00100082,18021111,TMAX,77,,,E,
EZE00100082,18021111,TMIN,15,,,E,
GM000010962,18021111,PRCP,0,,,E,
ITE00100554,18021111,TMAX,75,,,E,
ITE00100554,18021111,TMIN,25,,,E,
ITE00105250,18021111,PRCP,0,,,E,
EZE00100082,18021112,TMAX,56,,,E,
EZE00100082,18021112,TMIN,10,,,E,
GM000010962,18021112,PRCP,0,,,E,
ITE00100554,18021112,TMAX,54,,,E,
ITE00100554,18021112,TMIN,35,,,E,
ITE00105250,18021112,PRCP,0,,,E,
EZE00100082,18021113,TMAX,58,,,E,
EZE00100082,18021113,TMIN,31,,,E,
GM000010962,18021113,PRCP,0,,,E,
ITE00100554,18021113,TMAX,63,,,E,
ITE00100554,18021113,TMIN,38,,,E,
ITE00105250,18021113,PRCP,44,,,E,
EZE00100082,18021114,TMAX,53,,,E,
EZE00100082,18021114,TMIN,40,,,E,
GM000010962,18021114,PRCP,32,,,E,
ITE00100554,18021114,TMAX,75,,,E,
ITE00100554,18021114,TMIN,63,,,E,
ITE00105250,18021114,PRCP,37,,,E,
EZE00100082,18021115,TMAX,59,,,E,
EZE00100082,18021115,TMIN,23,,,E,
GM000010962,18021115,PRCP,49,,,E,
ITE00100554,18021115,TMAX,75,,,E,
ITE00100554,18021115,TMIN,50,,,E,
ITE00105250,18021115,PRCP,0,,,E,
EZE00100082,18021116,TMAX,39,,,E,
EZE00100082,18021116,TMIN,20,,,E,
GM000010962,18021116,PRCP,0,,,E,
ITE00100554,18021116,TMAX,63,,,E,
ITE00100554,18021116,TMIN,63,,,E,
ITE00105250,18021116,PRCP,0,,,E,
EZE00100082,18021117,TMAX,61,,,E,
EZE00100082,18021117,TMIN,31,,,E,
GM000010962,18021117,PRCP,0,,,E,
ITE00100554,18021117,TMAX,71,,,E,
ITE00100554,18021117,TMIN,58,,,E,
ITE00105250,18021117,PRCP,0,,,E,
EZE00100082,18021118,TMAX,74,,,E,
EZE00100082,18021118,TMIN,42,,,E,
GM000010962,18021118,PRCP,0,,,E,
ITE00100554,18021118,TMAX,98,,,E,
ITE00100554,18021118,TMIN,75,,,E,
ITE00105250,18021118,PRCP,0,,,E,
EZE00100082,18021119,TMAX,63,,,E,
EZE00100082,18021119,TMIN,43,,,E,
GM000010962,18021119,PRCP,7,,,E,
ITE00100554,18021119,TMAX,110,,,E,
ITE00100554,18021119,TMIN,75,,,E,
ITE00105250,18021119,PRCP,0,,,E,
EZE00100082,18021120,TMAX,83,,,E,
EZE00100082,18021120,TMIN,57,,,E,
GM000010962,18021120,PRCP,0,,,E,
ITE00100554,18021120,TMAX,109,,,E,
ITE00100554,18021120,TMIN,88,,,E,
ITE00105250,18021120,PRCP,0,,,E,
EZE00100082,18021121,TMAX,115,,,E,
EZE00100082,18021121,TMIN,68,,,E,
GM000010962,18021121,PRCP,0,,,E,
ITE00100554,18021121,TMAX,110,,,E,
ITE00100554,18021121,TMIN,100,,,E,
ITE00105250,18021121,PRCP,0,,,E,
EZE00100082,18021122,TMAX,92,,,E,
EZE00100082,18021122,TMIN,57,,,E,
GM000010962,18021122,PRCP,0,,,E,
ITE00100554,18021122,TMAX,100,,,E,
ITE00100554,18021122,TMIN,91,,,E,
ITE00105250,18021122,PRCP,0,,,E,
EZE00100082,18021123,TMAX,98,,,E,
EZE00100082,18021123,TMIN,59,,,E,
GM000010962,18021123,PRCP,29,,,E,
ITE00100554,18021123,TMAX,98,,,E,
ITE00100554,18021123,TMIN,81,,,E,
ITE00105250,18021123,PRCP,0,,,E,
EZE00100082,18021124,TMAX,86,,,E,
EZE00100082,18021124,TMIN,55,,,E,
GM000010962,18021124,PRCP,13,,,E,
ITE00100554,18021124,TMAX,96,,,E,
ITE00100554,18021124,TMIN,75,,,E,
ITE00105250,18021124,PRCP,0,,,E,
EZE00100082,18021125,TMAX,96,,,E,
EZE00100082,18021125,TMIN,56,,,E,
GM000010962,18021125,PRCP,7,,,E,
ITE00100554,18021125,TMAX,75,,,E,
ITE00100554,18021125,TMIN,48,,,E,
ITE00105250,18021125,PRCP,12,,,E,
EZE00100082,18021126,TMAX,58,,,E,
EZE00100082,18021126,TMIN,26,,,E,
GM000010962,18021126,PRCP,0,,,E,
ITE00100554,18021126,TMAX,83,,,E,
ITE00100554,18021126,TMIN,75,,,E,
ITE00105250,18021126,PRCP,0,,,E,
EZE00100082,18021127,TMAX,75,,,E,
EZE00100082,18021127,TMIN,39,,,E,
GM000010962,18021127,PRCP,114,,,E,
ITE00100554,18021127,TMAX,104,,,E,
ITE00100554,18021127,TMIN,63,,,E,
ITE00105250,18021127,PRCP,0,,,E,
EZE00100082,18021128,TMAX,81,,,E,
EZE00100082,18021128,TMIN,40,,,E,
GM000010962,18021128,PRCP,10,,,E,
ITE00100554,18021128,TMAX,96,,,E,
ITE00100554,18021128,TMIN,66,,,E,
ITE00105250,18021128,PRCP,0,,,E,
EZE00100082,18021129,TMAX,75,,,E,
EZE00100082,18021129,TMIN,39,,,E,
GM000010962,18021129,PRCP,7,,,E,
ITE00100554,18021129,TMAX,88,,,E,
ITE00100554,18021129,TMIN,66,,,E,
ITE00105250,18021129,PRCP,0,,,E,
EZE00100082,18021130,TMAX,72,,,E,
EZE00100082,18021130,TMIN,48,,,E,
GM000010962,18021130,PRCP,11,,,E,
ITE00100554,18021130,TMAX,66,,,E,
ITE00100554,18021130,TMIN,60,,,E,
ITE00105250,18021130,PRCP,0,,,E,
EZE00100082,18021201,TMAX,53,,,E,
EZE00100082,18021201,TMIN,20,,,E,
GM000010962,18021201,PRCP,0,,,E,
ITE00100554,18021201,TMAX,66,,,E,
ITE00100554,18021201,TMIN,56,,,E,
ITE00105250,18021201,PRCP,0,,,E,
EZE00100082,18021202,TMAX,57,,,E,
EZE00100082,18021202,TMIN,37,,,E,
GM000010962,18021202,PRCP,10,,,E,
ITE00100554,18021202,TMAX,79,,,E,
ITE00100554,18021202,TMIN,59,,,E,
ITE00105250,18021202,PRCP,0,,,E,
EZE00100082,18021203,TMAX,60,,,E,
EZE00100082,18021203,TMIN,15,,,E,
GM000010962,18021203,PRCP,0,,,E,
ITE00100554,18021203,TMAX,65,,,E,
ITE00100554,18021203,TMIN,45,,,E,
ITE00105250,18021203,PRCP,0,,,E,
EZE00100082,18021204,TMAX,32,,,E,
EZE00100082,18021204,TMIN,14,,,E,
GM000010962,18021204,PRCP,0,,,E,
ITE00100554,18021204,TMAX,79,,,E,
ITE00100554,18021204,TMIN,63,,,E,
ITE00105250,18021204,PRCP,0,,,E,
EZE00100082,18021205,TMAX,75,,,E,
EZE00100082,18021205,TMIN,32,,,E,
GM000010962,18021205,PRCP,6,,,E,
ITE00100554,18021205,TMAX,91,,,E,
ITE00100554,18021205,TMIN,63,,,E,
ITE00105250,18021205,PRCP,0,,,E,
EZE00100082,18021206,TMAX,45,,,E,
EZE00100082,18021206,TMIN,21,,,E,
GM000010962,18021206,PRCP,18,,,E,
ITE00100554,18021206,TMAX,91,,,E,
ITE00100554,18021206,TMIN,31,,,E,
ITE00105250,18021206,PRCP,0,,,E,
EZE00100082,18021207,TMAX,51,,,E,
EZE00100082,18021207,TMIN,2,,,E,
GM000010962,18021207,PRCP,0,,,E,
ITE00100554,18021207,TMAX,59,,,E,
ITE00100554,18021207,TMIN,29,,,E,
ITE00105250,18021207,PRCP,0,,,E,
EZE00100082,18021208,TMAX,38,,,E,
EZE00100082,18021208,TMIN,-7,,,E,
GM000010962,18021208,PRCP,50,,,E,
ITE00100554,18021208,TMAX,59,,,E,
ITE00100554,18021208,TMIN,48,,,E,
ITE00105250,18021208,PRCP,0,,,E,
EZE00100082,18021209,TMAX,47,,,E,
EZE00100082,18021209,TMIN,23,,,E,
GM000010962,18021209,PRCP,2,,,E,
ITE00100554,18021209,TMAX,54,,,E,
ITE00100554,18021209,TMIN,54,,,E,
ITE00105250,18021209,PRCP,0,,,E,
EZE00100082,18021210,TMAX,113,,,E,
EZE00100082,18021210,TMIN,47,,,E,
GM000010962,18021210,PRCP,18,,,E,
ITE00100554,18021210,TMAX,73,,,E,
ITE00100554,18021210,TMIN,54,,,E,
ITE00105250,18021210,PRCP,0,,,E,
EZE00100082,18021211,TMAX,85,,,E,
EZE00100082,18021211,TMIN,29,,,E,
GM000010962,18021211,PRCP,10,,,E,
ITE00100554,18021211,TMAX,73,,,E,
ITE00100554,18021211,TMIN,66,,,E,
ITE00105250,18021211,PRCP,16,,,E,
EZE00100082,18021212,TMAX,63,,,E,
EZE00100082,18021212,TMIN,24,,,E,
GM000010962,18021212,PRCP,17,,,E,
ITE00100554,18021212,TMAX,100,,,E,
ITE00100554,18021212,TMIN,44,,,E,
ITE00105250,18021212,PRCP,49,,,E,
EZE00100082,18021213,TMAX,49,,,E,
EZE00100082,18021213,TMIN,32,,,E,
GM000010962,18021213,PRCP,21,,,E,
ITE00100554,18021213,TMAX,94,,,E,
ITE00100554,18021213,TMIN,60,,,E,
ITE00105250,18021213,PRCP,33,,,E,
EZE00100082,18021214,TMAX,46,,,E,
EZE00100082,18021214,TMIN,33,,,E,
GM000010962,18021214,PRCP,0,,,E,
ITE00100554,18021214,TMAX,50,,,E,
ITE00100554,18021214,TMIN,19,,,E,
ITE00105250,18021214,PRCP,0,,,E,
EZE00100082,18021215,TMAX,42,,,E,
EZE00100082,18021215,TMIN,26,,,E,
GM000010962,18021215,PRCP,0,,,E,
ITE00100554,18021215,TMAX,50,,,E,
ITE00100554,18021215,TMIN,23,,,E,
ITE00105250,18021215,PRCP,21,,,E,
EZE00100082,18021216,TMAX,40,,,E,
EZE00100082,18021216,TMIN,3,,,E,
GM000010962,18021216,PRCP,6,,,E,
ITE00100554,18021216,TMAX,41,,,E,
ITE00100554,18021216,TMIN,9,,,E,
ITE00105250,18021216,PRCP,104,,,E,
EZE00100082,18021217,TMAX,51,,,E,
EZE00100082,18021217,TMIN,32,,,E,
GM000010962,18021217,PRCP,7,,,E,
ITE00100554,18021217,TMAX,63,,,E,
ITE00100554,18021217,TMIN,29,,,E,
ITE00105250,18021217,PRCP,0,,,E,
EZE00100082,18021218,TMAX,33,,,E,
EZE00100082,18021218,TMIN,19,,,E,
GM000010962,18021218,PRCP,0,,,E,
ITE00100554,18021218,TMAX,50,,,E,
ITE00100554,18021218,TMIN,25,,,E,
ITE00105250,18021218,PRCP,0,,,E,
EZE00100082,18021219,TMAX,19,,,E,
EZE00100082,18021219,TMIN,-11,,,E,
GM000010962,18021219,PRCP,17,,,E,
ITE00100554,18021219,TMAX,54,,,E,
ITE00100554,18021219,TMIN,-10,,,E,
ITE00105250,18021219,PRCP,0,,,E,
EZE00100082,18021220,TMAX,4,,,E,
EZE00100082,18021220,TMIN,-20,,,E,
GM000010962,18021220,PRCP,0,,,E,
ITE00100554,18021220,TMAX,48,,,E,
ITE00100554,18021220,TMIN,4,,,E,
ITE00105250,18021220,PRCP,0,,,E,
EZE00100082,18021221,TMAX,-5,,,E,
EZE00100082,18021221,TMIN,-35,,,E,
GM000010962,18021221,PRCP,0,,,E,
ITE00100554,18021221,TMAX,44,,,E,
ITE00100554,18021221,TMIN,-10,,,E,
ITE00105250,18021221,PRCP,69,,,E,
EZE00100082,18021222,TMAX,-18,,,E,
EZE00100082,18021222,TMIN,-36,,,E,
GM000010962,18021222,PRCP,0,,,E,
ITE00100554,18021222,TMAX,29,,,E,
ITE00100554,18021222,TMIN,-10,,,E,
ITE00105250,18021222,PRCP,81,,,E,
EZE00100082,18021223,TMAX,3,,,E,
EZE00100082,18021223,TMIN,-18,,,E,
GM000010962,18021223,PRCP,0,,,E,
ITE00100554,18021223,TMAX,29,,,E,
ITE00100554,18021223,TMIN,23,,,E,
ITE00105250,18021223,PRCP,65,,,E,
EZE00100082,18021224,TMAX,3,,,E,
EZE00100082,18021224,TMIN,-26,,,E,
GM000010962,18021224,PRCP,0,,,E,
ITE00100554,18021224,TMAX,41,,,E,
ITE00100554,18021224,TMIN,25,,,E,
ITE00105250,18021224,PRCP,0,,,E,
EZE00100082,18021225,TMAX,20,,,E,
EZE00100082,18021225,TMIN,-26,,,E,
GM000010962,18021225,PRCP,0,,,E,
ITE00100554,18021225,TMAX,54,,,E,
ITE00100554,18021225,TMIN,34,,,E,
ITE00105250,18021225,PRCP,35,,,E,
EZE00100082,18021226,TMAX,30,,,E,
EZE00100082,18021226,TMIN,19,,,E,
GM000010962,18021226,PRCP,0,,,E,
ITE00100554,18021226,TMAX,63,,,E,
ITE00100554,18021226,TMIN,41,,,E,
ITE00105250,18021226,PRCP,0,,,E,
EZE00100082,18021227,TMAX,30,,,E,
EZE00100082,18021227,TMIN,8,,,E,
GM000010962,18021227,PRCP,0,,,E,
ITE00100554,18021227,TMAX,44,,,E,
ITE00100554,18021227,TMIN,41,,,E,
ITE00105250,18021227,PRCP,21,,,E,
EZE00100082,18021228,TMAX,35,,,E,
EZE00100082,18021228,TMIN,7,,,E,
GM000010962,18021228,PRCP,8,,,E,
ITE00100554,18021228,TMAX,44,,,E,
ITE00100554,18021228,TMIN,29,,,E,
ITE00105250,18021228,PRCP,0,,,E,
EZE00100082,18021229,TMAX,41,,,E,
EZE00100082,18021229,TMIN,15,,,E,
GM000010962,18021229,PRCP,12,,,E,
ITE00100554,18021229,TMAX,48,,,E,
ITE00100554,18021229,TMIN,16,,,E,
ITE00105250,18021229,PRCP,0,,,E,
EZE00100082,18021230,TMAX,20,,,E,
EZE00100082,18021230,TMIN,-14,,,E,
GM000010962,18021230,PRCP,0,,,E,
ITE00100554,18021230,TMAX,31,,,E,
ITE00100554,18021230,TMIN,23,,,E,
ITE00105250,18021230,PRCP,0,,,E,
EZE00100082,18021231,TMAX,16,,,E,
EZE00100082,18021231,TMIN,-33,,,E,
GM000010962,18021231,PRCP,0,,,E,
ITE00100554,18021231,TMAX,38,,,E,
ITE00100554,18021231,TMIN,23,,,E,
ITE00105250,18021231,PRCP,0,,,E,
